domain_name,label,Dimension 1,Dimension 2
lvnpsikathrinezad.com,0,-12.535321,2.508847
dkvwtjuttwpy.com,0,-17.481783,-9.901627
rmommstj.com,0,-6.512642,9.222186
pulsa46.info,0,-17.230782,26.624609
jseacraxg.bid,0,28.298365,13.56286
kmdeanerraticallyqozaw.com,0,-21.928104,2.3743777
seyrtxbnhpasg.biz,0,-30.252676,-44.197376
uekellaabettingk.com,0,-21.928167,2.3744287
wufxhfbqkxwxst.com,0,-33.904034,-49.524067
ajvshcomivctldmsudlp.ir,0,-4.8270087,-13.092372
11gf28qnx9mck1jb8rak5m0x7i.net,0,-4.340018,13.498988
oommorporxmojn.info,0,-4.340018,13.498988
1qzpdt8o20aoa1dbzk4kebe6ft.com,0,-17.63667,-0.6099223
tytjckxkxi.info,0,-18.358137,-1.138101
xbltmachuslazaroqok.com,0,-18.352846,-0.7863929
18sn3668jrehmkeaqhg1yd1odg.com,0,16.012638,18.62421
kkgklo.biz,0,-20.931553,24.155857
ggmxhvakmdqwhxkvaeene.xxx,0,15.689619,19.046429
isigrsensinaix.com,0,16.239159,18.790476
136925216rga1n1sgetp3icstqo.net,0,-17.872187,12.668668
avpkyo.com,0,16.243176,18.793297
wljnaprzmoysxsfngr.info,0,15.690632,19.050024
phkmyzylnxhpjf.biz,0,15.988322,18.622028
fgwsxqbntvnt.com,0,-14.638907,-16.562056
uwxporcajanunal.com,0,-19.182018,-4.10073
muellerfalk.homepage.t-online.de,0,-19.182018,-4.10073
meetzon.com,0,-14.372348,8.618526
rpafllaabettingk.com,0,-8.833108,-2.0028505
pmyxrrneckty.co.uk,0,-14.415596,-16.79186
dhffbfnqgo.tv,0,-10.826153,1.9524883
gnsescolgygalbr.sx,0,-21.446339,6.6685457
ockqsikathrinezad.com,0,-8.833112,-2.0028524
btcdsatformalisticirekb.com,0,-17.169083,5.110122
twlvjkxwsaricdrnejj.biz,0,-11.85219,16.305618
lsfcxenoupvtpqor.com,0,-7.6794686,-13.1132345
1yh4l8m1cymdm8t7et8o1arfx4g.net,0,15.727209,18.787796
inmslpfaplnoisp.org,0,-15.322812,-16.672966
gulfellefrictionlessv.com,0,-17.353037,-1.0506546
muuganerraticallyqozaw.com,0,-12.784442,26.337368
jmwjplmvieontfzn.biz,0,16.266407,19.503065
w2o8d5yjf6ow1vjei6gfzakrd.net,0,16.266535,19.503176
uyjkestnessbiophysicalohax.com,0,16.269848,19.501965
b2b.supernova.com.tr,0,16.269047,19.502245
xn--90aialc0adbpjlr6c.xn--p1ai,0,5.6529675,22.315634
gelvsikathrinezad.com,0,-10.826153,1.9524883
gxtzziuknrlzmfq.org,0,-20.931553,24.155857
ielfllaabettingk.com,0,16.23927,18.790075
juvqdcwsqmqblswxi.su,0,15.988322,18.622028
ftlifb.com,0,-17.642092,-0.6135551
benard.000webhostapp.com,0,-17.628199,-0.6187619
gurcmvshdjoahtrok.org,0,-4.340018,13.498988
fjbfidablyhoosieraw.com,0,-32.97909,-43.024017
yxacab.com,0,-30.155031,-0.8019916
19d4sfi1uulq1ocr9zw317ac3p9.org,0,-28.75278,19.84802
www.bringbackudo.in,0,-31.854536,-48.945786
zpzzidablyhoosieraw.com,0,-17.87309,12.671153
uwjgxghgofqcvpk.co.uk,0,-32.97909,-43.024017
pvrzvinskycattederifg.com,0,19.699095,11.717693
moeullaabettingk.com,0,-17.353037,-1.0506546
vfgwalitydevonianizuwb.com,0,-31.854536,-48.945786
rfyiepictom.com,0,-15.209605,16.954975
ffskinalcentricem.com,0,-18.402784,-1.1093532
n2sw0qp3e61g4ns2m1k2tnm.istanbulescort.biz,0,-12.9280615,24.639538
lyxawod.info,0,-29.450603,18.043919
pykptxhhyeqnl.in,0,-17.353037,-1.0506546
urhcvwleypjv.info,0,-11.690672,7.8988023
eamaellefrictionlessv.com,0,-17.87309,12.671153
ypcefqsjvvbl.com,0,-28.335592,-39.309128
hwrwlqhidsdv.com,0,-14.372348,8.618526
demoudi.cyberclics.com,0,-31.519236,-44.767776
dhwswrbhcbnkdjgjdmpxwv.biz,0,-14.969474,-1.0044447
qypnleasuredehydratorysagp.com,0,-20.93169,24.155865
v2f1d73dffb365363ea49c9cc20a093f22.in,0,-14.36857,8.563786
rtlpjkwhofclakek.com,0,5.8625493,-11.505868
kcttihiepdftpgjnltrcmecmw.info,0,23.829813,4.934086
zhrpardenslavetusul.com,0,-17.87309,12.671153
nyvnqsjupxupytlv.org,0,-5.404156,-12.237111
lohyjmadnfh.com,0,-5.4041824,-12.23712
1f028521qcaze91ib5ii8fvz84e.com,0,-10.516516,-10.846259
roue.com.mx,0,-16.101713,2.0233142
pxtsyw.com,0,11.007738,20.46235
slpwsvnrdvmkvzs.info,0,-17.353037,-1.0506546
bxmlidablyhoosieraw.com,0,-11.85219,16.305618
aycstrajtopheer.biz,0,-13.138986,24.47424
1th1x30esr7kflhleaqzb9w2.com,0,-17.378363,-1.2402718
cqlkar.com,0,-17.87309,12.671153
ofysjlygnoyric.cc,0,-15.161598,-16.689848
qgpu341ji4bcz1usraqa8frtfm.net,0,-18.389559,-1.1338264
uoleweqdjqn.net,0,-3.9406202,13.576507
lindysmithphotography.com,0,-18.378077,-1.133397
1ajsnqngqx25rkr8a55ude2sn.biz,0,-17.872967,12.671881
gjtw481oiqjsm18bq0ag4ha4jz.org,0,-17.872967,12.671881
nrowosok.click,0,-17.12765,21.042284
cknqddcdebsx.pw,0,-15.135426,-16.68453
zxgaancorml.com,0,-28.70142,9.732919
wuasoctxsfr.org,0,12.42755,17.913465
jpcmenhancedysb.com,0,-4.0604424,13.183303
ygjdvinskycattederifg.com,0,28.298365,13.56286
xtvkfordlinnetavox.com,0,-15.30976,0.61893374
pdqostmqxutls.org,0,10.492397,9.415531
ytxxgyf.info,0,10.401175,18.0667
bghqnelmnklo.com,0,-18.161007,13.156126
ulgiam.com,0,-18.161007,13.156126
fmoqwnkoltt.biz,0,26.534285,7.9473257
w831c6f16e79216353a8606cbe510491c0.cc,0,26.534355,7.9473157
c6vesm1vexa3f10209wh9dae6j.org,0,-18.079113,-0.5815992
fxiuardenslavetusul.com,0,-28.675453,9.7679
vdhzinalcentricem.com,0,-11.690672,7.8988023
0s7xnawmwmci1fx0.com,0,12.377528,17.118834
lsadxewyvxiw.com,0,-17.893562,-1.2436304
nhyvgpwvnilpgaukfy.tw,0,-20.93169,24.155865
eujnbyplaywobb.com,0,-33.32782,-44.987614
nqfibtqtrwnnfpibp.de,0,-17.881746,12.673362
fvroestnessbiophysicalohax.com,0,-11.370825,-3.8500915
xafmoxee.su,0,-23.389204,4.455176
zvgzsikathrinezad.com,0,-23.389204,4.455176
xn--777-9cdpxv4b3g4a.xn--p1ai,0,-17.169083,5.110122
www.fatherokokoinc.com,0,-14.304872,-16.864193
qduvamtwptud.co.uk,0,-14.010449,-1.8484435
brjokckqwr.su,0,-14.372348,8.618526
mpkqoqforolhoxp.biz,0,-22.706242,0.25235564
ueyyluugxbaohnnztg.org,0,-30.75195,-49.46841
ifhupg.com,0,25.597803,12.431029
17anhp41tjua9o7whjze1x70qjp.com,0,-19.45521,12.049556
cgknanarianaqh.com,0,-17.169083,5.110122
qmkcmen.com,0,-28.75278,19.84802
ozfyfnvwnhuslqns.com,0,-14.492502,-16.79572
follownothing.net,0,-7.3545523,-3.6305768
jtunyoqnfpnhhwg.info,0,-4.340018,13.498988
ywrasikathrinezad.com,0,-4.340018,13.498988
fxgdererwyatanb.com,0,-18.079113,-0.5815992
dtvzinalcentricem.com,0,-11.844229,11.921159
pjtdmen.com,0,-14.36857,8.563786
cumgdcflez.com,0,-30.155031,-0.8019916
olcveqfb.com,0,-4.0604424,13.183303
cuiopartbulkyf.com,0,-10.436501,-1.811301
zqolfqtkksr.net,0,-18.430246,-11.82809
h6mrhs1c1na6q17u5ze011tl0e3.org,0,-16.704762,15.457069
octtamentalistfanchonut.com,0,-15.497585,22.04231
swfwinalcentricem.com,0,-8.856355,0.37203708
uarzanerraticallyqozaw.com,0,-16.441477,2.8406954
iylfllaabettingk.com,0,-15.209017,16.954922
oancsikathrinezad.com,0,-15.209017,16.954922
sxqsctvxxespriivx.com,0,-4.340018,13.498988
copyrightseo.com,0,15.690305,19.049496
amscardenslavetusul.com,0,-18.4439,1.8593788
tjbdojgenkwavtkjx.com,0,-13.311086,-5.811127
egrfardenslavetusul.com,0,-14.372348,8.618526
hlrjrsensinaix.com,0,-14.372348,8.618526
yiuysagabardinedazyx.com,0,-16.441477,2.8406954
hoeilitxynagxihoi.eu,0,-12.517463,2.2211502
vbakllaabettingk.com,0,-11.844218,11.921259
ddqgidablyhoosieraw.com,0,-18.970236,16.563393
ldrnrsensinaix.com,0,-20.938063,24.154444
j3b032c13a550501c203e72661dfa0eccf.ws,0,25.597803,12.431029
sijin-edu.com,0,-20.716953,-3.036793
rabblisthx.ms,0,-28.75278,19.84802
hjhqmbxyinislkkt.1eeyaj.top,0,-18.970236,16.563393
dohvlcam.ac,0,-20.93169,24.155865
mkjadokmghlh.com,0,-12.041969,-2.934048
zzvlsuqmewsnmo.info,0,-14.010227,24.570915
dfzimen.com,0,-20.93169,24.155865
fundileo.com,0,-17.230782,26.624609
mouthstep.net,0,-16.44157,2.8407395
1losx1ktp3b9g1bo9e71bgfaqx.biz,0,-15.432291,-7.6100383
jbppanerraticallyqozaw.com,0,-17.872967,12.671881
qqdprsensinaix.com,0,4.406093,19.178013
uhprqpshnhcbl.sx,0,-2.6462417,-2.62596
isbdenhancedysb.com,0,28.46923,12.993791
uiiwestnessbiophysicalohax.com,0,-18.612026,0.69919854
t2ckpg1rpdimeoeot0a7bwfwm.org,0,4.707679,23.834942
tmuylejqxtvkyu.nf,0,-20.527245,6.4810348
isblepictom.com,0,-16.44145,2.8407001
potws.ga,0,-4.340018,13.498988
zvzvllaabettingk.com,0,-30.777185,-47.7401
cyyhxofjakgaemc.ru,0,15.690326,19.049364
dtvlnqlmbpvnva.me,0,-22.7149,7.667623
eqraenhancedysb.com,0,10.400973,18.066519
korqinccj.com,0,-8.616309,-3.7200487
btxtanerraticallyqozaw.com,0,-14.859808,4.0534277
uefokwrisuir.biz,0,28.46923,12.993791
dpgrepictom.com,0,-13.311086,-5.811127
1bvdk2e1rutob4fabmytoi0569.net,0,28.62504,5.877278
ozexttrjmghujkgnujoahncc.biz,0,-12.500332,-4.5734196
nrtprsensinaix.com,0,-17.881746,12.673362
hxtxhprqyiqn.cc,0,-18.970236,16.563393
1ta9tjl5d00011motyu91jlcixs.net,0,-1.2736489,13.122764
xdblanerraticallyqozaw.com,0,-30.777185,-47.7401
klvefce.dynserv.com,0,10.685262,20.8851
fvnnfordlinnetavox.com,0,13.71489,20.602798
vigtjqjutlofbecli.me,0,-18.138672,-9.719761
yencyfkvdrori.xxx,0,-9.980661,-16.094023
iipvsagabardinedazyx.com,0,-9.980661,-16.094023
ehcabdwke.com,0,-17.230782,26.624609
jepyger.info,0,-23.028425,12.697854
jlbjrdch.xxx,0,16.055664,20.657251
cjoyattrrlwct.com,0,-4.2193832,7.5523167
etlixtjfogv.com,0,-29.842783,-39.111263
cmboxeahvhpnkn.ru,0,-29.743526,-38.711174
qw-qs.top,0,-21.446339,6.6685457
sisksikathrinezad.com,0,-4.2193832,7.5523167
tlgniologistbikerepil.com,0,-23.028425,12.697854
glf0g4igk5ut15db0f6a4q4lp.com,0,-30.61431,18.526274
kcngidtox.info,0,-29.76278,-39.319847
buchanancu.org,0,-17.230782,26.624609
sporttrimzlatibor.rs,0,-6.1141925,7.981593
rf624dd6bdabe84e3ef5e64f46252864f8.cn,0,-4.2193832,7.5523167
1t6az54w3qkh7k993q1ie0h2y.net,0,3.7944846,0.07747533
mknvvinskycattederifg.com,0,-5.485813,8.315551
peovvqlnpnrgitnu.org,0,-22.098103,-7.597917
pztcardenslavetusul.com,0,-33.354073,-48.681507
fwygtowtl.org,0,-31.768778,-43.39824
faofirdrbk.com,0,-9.565268,-10.325259
tbhaenhancedysb.com,0,-5.7917256,6.833401
morbiologistbikerepil.com,0,-18.079113,-0.5815992
dfgtvinskycattederifg.com,0,-17.307415,27.12254
ca41476.tmweb.ru,0,-7.800097,-1.2455813
ynxpmejfj.info,0,27.577765,8.619065
mixzrsensinaix.com,0,15.074946,17.23617
qvkmjnsphimg.com,0,-17.306883,27.12237
miwkllaabettingk.com,0,-16.272493,27.70905
cwxbrasildeafeninguvuc.com,0,-5.655062,9.84385
ztjysagabardinedazyx.com,0,-6.050495,8.479972
xzz.goodoboy.com,0,-30.35992,0.6273113
xfmemachuslazaroqok.com,0,24.144306,10.681541
ogjxyto.mx,0,-23.028425,12.697854
he555503aca3db2f4db98021e172288996.ws,0,-28.75278,19.84802
gtqjakhpnqufrrvll.cc,0,-25.504156,5.4428506
jroqbyplaywobb.com,0,-23.028425,12.697854
e5fydq19xcp2y1ajnivtifmhpz.biz,0,-21.446339,6.6685457
eenyrqxqhltynxkjglktxn.org,0,-16.4657,-8.591257
pufchiyklmef.net,0,-6.528167,9.209302
zdcnsemitismgavenuteq.com,0,-17.307415,27.12254
vdplwilgioudqbakr.com,0,-4.807273,7.3082204
tpzarqai5ip2n1xxkl1dsprd3.biz,0,-9.661421,-1.0044225
zero-ani-mania.net,0,-23.028425,12.697854
gloveresources.com,0,-18.007706,-9.365156
soildish.net,0,-13.74021,-15.133098
kqgcnkwvwiga.info,0,-29.599892,-39.66698
jbfdanerraticallyqozaw.com,0,-21.494228,-10.678346
vuunpqoqqvtoetkz.org,0,-23.028425,12.697854
rprvpartbulkyf.com,0,-8.98606,11.248941
wgboestnessbiophysicalohax.com,0,-6.705907,7.8048244
cloudhooks.com,0,-23.193829,-10.694461
1eun6ws1p97zbq1mzlzte143afy0.net,0,-7.679479,-13.113231
awbdleasuredehydratorysagp.com,0,25.361649,10.457355
bfbffamcbafccfef.com,0,26.533978,7.947297
iwjrsemitismgavenuteq.com,0,28.298365,13.56286
quyhwgnyhvuv.com,0,-6.690045,8.550899
rpmgfordlinnetavox.com,0,-5.859156,9.022959
ylyiox.com,0,-5.1510572,9.996705
ipeople.vn,0,-6.167292,9.0776005
oiueidablyhoosieraw.com,0,-6.690045,8.550899
lyoqeguqqerk.kz,0,-6.690045,8.550899
wrakoptrtwogvoop.com,0,-5.1510572,9.996705
fzgcvinskycattederifg.com,0,-6.6836677,7.7639575
owcfthoodivettewl.com,0,-5.4228106,6.7695494
pfypererwyatanb.com,0,-6.1029625,9.690875
1ksxkjwijyhnnn0blx916oa0i0.org,0,-3.3959744,7.633818
kcfxiologistbikerepil.com,0,-5.7004566,9.891288
nhimnzogltmmox.info,0,-5.668118,8.958746
rachaelparrott.000webhostapp.com,0,-4.349919,8.639411
ddidswswhaauivibkrvskrmvmbir.info,0,-4.7046285,9.289666
wgewererwyatanb.com,0,-6.1387696,9.6247
etp5ok2db5h6wvalwzgnf3al.org,0,-3.4429982,7.527711
cpdqht1cvhk681x01slb1rr56ca.net,0,-4.261898,6.811498
1y5y50y1yj7y9s1lmcjza1wvn93u.net,0,-3.4989974,9.1400385
forsometests.pro,0,-4.2476563,8.145742
1wqn1d91mmmxgx1r15a7816grwpg.net,0,-4.9781036,8.55181
xrezrasildeafeninguvuc.com,0,-3.9278097,8.851191
17ul5l919anvt03rbh851t8t7ev.com,0,-6.376742,7.27083
m6ec54549df92ba781f733761331d12a26.cc,0,-5.728419,8.095894
hrkumachuslazaroqok.com,0,-5.5067544,7.487046
uqeweioiu.tj,0,-4.813222,7.920584
maeawgeaum.com,0,-3.2754009,8.364864
jbapfdkw.info,0,-5.526038,6.7802234
fooxlwmbzcgowdmkbthw.org,0,-3.69944,7.1665077
bzmctp1gmnkoj1texdj1u6jauf.com,0,-3.8019872,9.492944
egxjsemitismgavenuteq.com,0,-5.899675,7.549732
551twlikhpan1.net,0,-16.44157,2.8407395
xzbjancorml.com,0,-9.234532,-7.6926856
kyswalitydevonianizuwb.com,0,4.321646,4.926697
pulai1wgjmfv92rief1yzc8po.net,0,-23.198523,1.3667883
o46329467fccfc1f9f3167d3092c4e5a72.hk,0,10.555055,20.690521
mta57dthri15l28mqbriti55gqfzg13dta67g13.com,0,-15.942099,8.365089
fgdvrcbemxxp.biz,0,-23.221865,8.808149
bflffgojcwnc.pw,0,13.953162,20.271757
vrqhfordlinnetavox.com,0,-11.813538,10.773395
bzbzardenslavetusul.com,0,-11.16978,2.0863729
1firas.ddns.net,0,-14.675707,-4.7587113
hotkine.com,0,-35.00088,-49.38592
kihrmhafcptshobu.com,0,9.918595,20.239754
ebkgwtuox.sh,0,-20.882832,22.560852
hfytancorml.com,0,-26.721163,12.898891
fdizmen.com,0,-13.933019,28.479786
jppost-awa.top,0,-9.804929,-6.2864537
tbxlrasildeafeninguvuc.com,0,-15.011314,-3.498426
flasehplayergetadob.net,0,0.883141,2.3858614
kgkcinalcentricem.com,0,-25.439516,5.5879245
ijosieojvzooumot.org,0,-28.479097,-39.626163
hhjzanerraticallyqozaw.com,0,-17.358175,-1.2285203
fkp3p0fopavqyra8gt48nxk8.biz,0,-11.387261,0.5801742
ksdyfordlinnetavox.com,0,-3.9847698,8.688206
idhsleckluplmevoh.nu,0,4.022347,4.0923667
dpfrvvpfkmnxgfty.bid,0,-17.570347,10.88598
hsdyhhiyqfyx.com,0,-3.9023576,9.476501
jpograsildeafeninguvuc.com,0,-6.395098,12.130088
gshqhqyxwfv.com,0,-18.074562,36.566517
xzcboh.com,0,-30.985783,-48.494835
tdconsulting.co.ke,0,19.61373,9.056596
kwjqrnmscfwc.sx,0,-8.083115,-11.667701
zxafardenslavetusul.com,0,27.233078,4.987662
dfsjellefrictionlessv.com,0,-14.001405,-15.283462
tbvfleasuredehydratorysagp.com,0,9.713757,18.19373
jhkgenhancedysb.com,0,-12.657553,24.936611
vfpjhpbpnyawbjx.su,0,-31.854536,-48.945786
u-torrentino.ru,0,-4.6069727,8.270852
ltelancorml.com,0,-6.05932,7.029145
xxfnalitydevonianizuwb.com,0,-19.074955,1.0554417
acgb-my.sharepoint.com,0,-13.715393,17.082512
rteeqoh.biz,0,-22.7149,7.667623
lojalstil.mk,0,-5.711562,8.65259
bngpardenslavetusul.com,0,-19.9379,34.12183
rxxysagabardinedazyx.com,0,11.945753,9.819367
ntvjpartbulkyf.com,0,-22.706242,0.25235564
ufpguvumfns.biz,0,-19.814898,-8.598107
kfncmlcvh.tv,0,-18.817745,11.683877
dhwaalitydevonianizuwb.com,0,-5.1506248,9.081651
rjlwumknqxouwws.biz,0,-32.841743,-48.585392
ntkqkcjlpjphwo.in,0,17.83107,8.716916
txfzestnessbiophysicalohax.com,0,-5.0808063,8.164405
tszh.southtel.ru,0,-19.274954,2.244357
av9vvosg3rvq1pfbb1912wmw22.net,0,12.377528,17.118834
pxnzllaabettingk.com,0,-22.111006,23.253881
xnytbvpbgafraje.tv,0,-7.258,13.980266
jieniqfbmyd.ki,0,8.0951395,22.434568
bfqeenhancedysb.com,0,8.186275,22.342546
jncfexxedggaryurvytzwcdup.org,0,-16.322807,-0.46731916
hsxxnfxjjqmzmmp.net,0,-13.756753,17.051098
xcejrqsweswlklg.com,0,20.694618,13.698156
newautolatino.com,0,-35.153587,-47.05168
lwzoiwqnvvvkompt.biz,0,-21.62625,23.30741
rbxfmdmuiuuuiho.xyz,0,10.138351,13.662302
wncmfhhcyjnfeu.jp,0,-22.909622,3.7314603
mlvwoaduy.biz,0,-8.055356,9.066659
uwypgxifx.org,0,-19.20129,16.814846
jtvdvy.com,0,-9.360361,-3.6549482
bbpcrasildeafeninguvuc.com,0,-19.004213,23.874044
zpboiologistbikerepil.com,0,-19.04796,-5.676815
egvydade.eu,0,-4.82701,-13.092457
myehterwaillet.com,0,-3.8520126,8.25021
gmycfyeoya.biz,0,-17.892637,-1.2448585
murngbgutswps.co.uk,0,-9.272888,2.3601055
lfydiologistbikerepil.com,0,-9.271912,2.3595355
cvqzvgkzczmbtibgbj.info,0,-14.372348,8.618526
jkynbjgeu.ir,0,-17.852869,-1.2584103
oundererwyatanb.com,0,-17.346691,5.3289614
edpatrsdkeuudt.sc,0,-4.386423,9.055804
qdgckfnsdcpheh.net,0,6.9304123,23.27338
bgujaevgfam.org,0,-4.696683,8.543659
hyqagnwupovl.info,0,-7.645423,-5.215701
ttpfxqbolmbuglmkvgm.com,0,-16.101713,2.0233142
kxjercymaiau.pro,0,-4.8023925,7.8141046
rkztdj.com,0,-9.397594,-2.830911
rnyylhmiajhgforxbg.org,0,-11.285397,-1.777634
cuohtasygym.info,0,-28.404772,-39.48635
wxcdmrgsg.xyz,0,-35.153587,-47.05168
esdpfordlinnetavox.com,0,4.969765,13.464885
1ab5qm519svyoq1rb7s7o1u43ym9.org,0,-4.8924756,6.6893563
tnclenhancedysb.com,0,-5.246326,8.490263
eukgleasuredehydratorysagp.com,0,-20.938063,24.154444
kmgivinskycattederifg.com,0,-26.91588,4.4907165
bot.dongevil.info,0,-13.852777,0.69078124
manumachuslazaroqok.com,0,-13.585903,22.6998
kvtwsjbrspjdjfideaqhqssgs.com,0,-14.5251665,25.87054
elektrickekefky.sk,0,-15.061918,-17.234562
hrsyavurhx.nf,0,-14.6044855,-14.996646
upwxmegatioxex.org,0,-3.8605154,7.0091968
fatvveerbnxvtad3doqpxg7k.com,0,-4.8756785,9.074457
dbqlererwyatanb.com,0,-15.902176,0.09241043
iqvswxeerolp.com,0,-13.9105425,26.504435
christembassymidrand.org,0,-18.430906,17.116175
eiofhvxhb.tv,0,-18.273321,-9.497595
1pydoub1s0fwr0nr95c91r8noag.net,0,-15.747511,4.333905
1cpaope11yk076vx9kc41uf1so8.biz,0,-11.018598,-3.631778
dnulsikathrinezad.com,0,-4.6042275,6.6874
lvdoanerraticallyqozaw.com,0,-19.435162,-7.1363134
snrwpzvnvhkomn.biz,0,-19.07712,24.260422
uxksdqhocjjoaigpcvxm.de,0,-1.2736489,13.122764
dvclmdavorgsmrnzmey.biz,0,-11.833454,3.8547933
dmafdy.com,0,-20.931717,24.155823
xnlnalitydevonianizuwb.com,0,-35.153587,-47.05168
rsqaxyakdiwqflxsvuy.com,0,-6.5890517,7.8263206
hgyudpoqdo.ru,0,-5.1916375,9.48949
tnnrmvrlptyorsm.org,0,-4.351786,9.850817
mtotpcpydvkrshjl.mn,0,-35.153587,-47.05168
jugulinfkmkllvdn.biz,0,-13.158583,-4.74974
ixuafy.com,0,-8.307541,-4.4033875
mohmepictom.com,0,-35.153587,-47.05168
esigerp.net,0,-17.008982,26.917677
hezfhi.com,0,-4.7893558,7.362873
ftac6v10k2p9s1v2hoyj1dm3opt.com,0,-30.505589,1.8010839
uutgftm.us,0,-14.372348,8.618526
rmpm0kap03dap15i.net,0,27.681711,9.2061
lvlqepictom.com,0,15.901593,12.526426
ticket.circle-e-products.net,0,-31.439342,-50.171333
interbus.cz,0,-14.969497,-1.0044547
nebocz.com,0,-22.720076,7.6373878
23ace.site,0,-10.166392,0.71162593
zngpestnessbiophysicalohax.com,0,-1.0919411,15.359553
ejyvhk.com,0,-22.720076,7.6373878
acbdfp1i9s9is1vfn7p01j30f5i.com,0,-21.790651,-9.575761
ghcadsccgyftvyka.com,0,8.184541,22.390127
j85e168a8c0123dbc1c9693dc62fad2e97.ws,0,-7.982,-1.848682
fhbxanerraticallyqozaw.com,0,-35.153587,-47.05168
ihvreuxelbsncdp.bid,0,-13.393537,25.944841
aauqenhancedysb.com,0,-12.46353,25.361465
9kaz49xgz8u21phvus66ly98o.com,0,-12.445742,25.812294
jtvmvinskycattederifg.com,0,-28.75278,19.84802
lysojud.info,0,-12.984696,26.463095
omjdrnialfmser.com,0,-14.231012,26.324207
aiavplefrostbitecycz.com,0,-14.619298,25.27124
ilkxixlonowco.com,0,-14.424201,24.85405
feouajimkktotno.info,0,-14.513527,25.837795
djyfujonbpjnb.biz,0,-13.170625,25.326551
amdkmjbnisigry.com,0,-28.75278,19.84802
zdyoinalcentricem.com,0,-13.771545,25.84962
lswwmriyxwwx.com,0,-13.121401,25.456152
oqcyllaabettingk.com,0,10.887638,17.558786
dzeoorcajanunal.com,0,-13.32438,26.585022
dxiwenhancedysb.com,0,-14.620106,25.390926
akriellefrictionlessv.com,0,-23.435692,16.444965
rvgtpgjqis.biz,0,-12.670691,24.913565
lrhvancorml.com,0,12.971525,14.232748
kqf7lsc27cv1izcuh7labdd1.org,0,-18.685055,-9.948693
15no4d51aqilwr1igmqsstcgta0.com,0,-21.137337,4.2556953
utnmykocpciiuilys.com,0,-14.362971,26.155006
rzazenhancedysb.com,0,-13.70825,25.123444
lfeojsuhjtgcotit.biz,0,-16.318924,10.764113
qafdellefrictionlessv.com,0,12.971971,14.231996
jztzrasildeafeninguvuc.com,0,-15.04642,29.211185
1ge8j4f1829qqx1tbaka21h4cml4.org,0,26.208975,8.292569
pdfarasildeafeninguvuc.com,0,-14.270392,26.261469
hnwrrqvlessjefxl.biz,0,-13.593425,24.46292
28hockeyacademy.com,0,-29.17687,19.013155
stickmarch.net,0,19.23076,9.370511
smhvgyhs.net,0,-8.929171,26.48401
anuiznlzmtyqbahnvnyvp.biz,0,-8.92954,26.483915
wtyywjoerhqqqypl.com,0,8.838929,-7.3815107
iklijvfbrqpnwpq.info,0,-28.507462,-39.839462
drxvqmivpsbqrmwdjxwk.me,0,-10.349781,-8.507348
nerkhechmqxigcdqt.de,0,-26.724047,12.95537
1dlsljs1azg8wzwomuai3trt84.biz,0,-11.045914,24.308735
aexfqyjlwcqbiffjcdsqy.ug,0,-11.04548,24.309109
akdigitalservices.com,0,-18.008335,22.177572
oscfayu.cm,0,-18.008335,22.177572
wenlsemitismgavenuteq.com,0,-10.91736,11.632371
rpmmardenslavetusul.com,0,0.89220494,2.1738155
fdossatformalisticirekb.com,0,-7.8255086,-9.002798
xtzsrasildeafeninguvuc.com,0,-12.844499,24.704021
buildingsandpools.com,0,-29.619629,-38.302742
1yee1rg15ad5d2b2mgdpaimg0d.biz,0,-8.929171,26.48401
pfdlpartbulkyf.com,0,-14.604856,25.562376
solucaoassessoriaservicos.com,0,-14.969474,-1.0044447
taviex.com,0,-14.363164,24.804893
qvoucu.com,0,-13.4647665,25.152159
ipdphpbhn.xyz,0,-26.39833,9.890869
bsnutqpalanivg.ru,0,-13.66701,26.56974
obwufvbvmucb.net,0,-11.468466,10.094669
ekmufordlinnetavox.com,0,-13.3752165,25.185482
ldrworcajanunal.com,0,-14.536021,25.02196
xbqusemitismgavenuteq.com,0,-13.516073,24.48893
prassqautor.in,0,-14.111483,24.64659
kluvxghyniczgdatkbxhsncnt.info,0,-24.02078,8.315534
acdavytfinvywhkxco.com,0,1.9269934,0.022367552
qrqvjlfskhv.info,0,-13.832233,26.509518
pbdviologistbikerepil.com,0,-13.456609,25.918177
zsmhukjusx.biz,0,-12.969441,26.452202
leblogdubilandecompetences.com,0,-13.772084,25.877861
bodryztg.biz,0,-13.317469,24.609722
qkegfolcbq.ru,0,-13.781421,25.36157
ivovgydgsthefhbgsnhasjapn.org,0,-29.17687,19.013155
rggzmmwhffbef.info,0,11.865912,11.933561
1wzw3f1kgibdxgpwt11xoy8ax.org,0,-12.940004,25.863594
q1y4zob46e5a1u1oibz1ylow6f.com,0,-32.123745,-49.890114
corinnenewton.ca,0,14.734181,16.871748
y3tizz1hvb125d5hzn9bskrau.org,0,-12.449116,25.949865
wauoorcajanunal.com,0,-14.020619,25.505356
tavmpncwnyeauhsov.com,0,-13.397325,26.6298
aypujdopx.com,0,-12.527856,25.354279
hbkbpartbulkyf.com,0,-13.170427,25.711138
waprod.com,0,-21.57831,-6.481972
wajhancorml.com,0,-21.57831,-6.481972
1caiblf16l74vh7mta0w1bgg59m.org,0,-18.860723,3.9505305
bckica.com,0,-4.5756197,-11.840939
owas.haifa.us.to,0,-21.809135,4.745968
eeqivcuiwcymao.info,0,-12.007528,10.678677
avis.com.jm,0,-11.397271,-6.4016495
ytefbpmf.cm,0,-20.66394,5.3737006
knfbkrcixynuns.to,0,-12.306957,-5.279661
zfwbie.com,0,-11.915256,6.007836
iayvpjvspiivgcup.org,0,-5.9102197,-9.100386
aanxsemitismgavenuteq.com,0,-9.020856,-9.076768
hvsfrsensinaix.com,0,-13.287857,-3.179138
dc960b05ce9a01251cbd01dfc6eaa81b.org,0,1.7396708,0.35299703
limitedshelpt.net,0,10.560904,3.743636
dc64f40b713dbb3c6a067e2004dab41289.ws,0,-24.431026,-9.668446
zumruv.com,0,-15.6365595,2.6742668
yhppcmwhtfcaer.com,0,-10.50214,-6.6580477
sxhtisexquduwnabg.cc,0,-20.86981,33.66636
xvqhenhancedysb.com,0,-11.4570465,3.7140288
kslmbyplaywobb.com,0,-23.574203,-8.390597
dlixwhgpeeue.com,0,-12.776924,1.2053756
tkrlwkxedyvjf.com,0,-15.724436,10.794287
hwuzuewit.com,0,-8.228793,-11.435027
bbjivsklnowk.bid,0,-25.897272,-1.1315523
ugzviologistbikerepil.com,0,-25.897272,-1.1315523
qvbeodjjjonnzguwqajlphjm.org,0,-25.897272,-1.1315523
xznmvinskycattederifg.com,0,-25.897272,-1.1315523
insumosesmar.com,0,-25.897272,-1.1315523
hrxwvinskycattederifg.com,0,-25.897272,-1.1315523
fyytkfyqfdtkbyvgg.com,0,-25.897272,-1.1315523
z8qawf7fz83i1kwdm5w7eo75.biz,0,-25.897272,-1.1315523
jxomsikathrinezad.com,0,-7.0393023,2.1574128
k7pu0rylj8umndszaz6tg6jw.org,0,10.609983,18.000835
qrbhppaeohyqrprqhi.com,0,-7.214306,-11.7618065
aodbamentalistfanchonut.com,0,-25.053082,2.8659043
bybwcnhnjrbg.net,0,-23.028425,12.697854
characterfollow.net,0,-23.028425,12.697854
kenwasg.com,0,-23.028425,12.697854
mwmkbxhsdlibvqxuasdqdtu.info,0,-8.898831,-3.5597816
airdwsekskj.xyz,0,-23.93267,-11.668043
ucspiwojdxnieoq.tv,0,-16.902687,12.948316
yiuaellefrictionlessv.com,0,-14.426475,4.047007
bqtepwtvr.org,0,-18.331184,1.9486775
1vzjnaunjbcc4om1cvd1xbfzya.com,0,-9.641281,3.3585706
gzptfnuxiq.net,0,2.210794,0.18490967
cciienhancedysb.com,0,-22.803839,-10.82668
efrlphobhnnhqrrwyquzlo.biz,0,24.138397,13.949257
bjpxdkr.info,0,-8.833134,-2.0028307
wylfjjj.jp,0,18.695665,16.344
wmddbyplaywobb.com,0,18.752712,18.123796
tumahd.com,0,22.336636,16.413462
imndsbnteksnrc.org,0,-33.32782,-44.987614
olwnsctnkem.com,0,-33.32782,-44.987614
ixxovdsrqpif.ru,0,-33.32782,-44.987614
fbpeqrhquunrlka.biz,0,-33.32782,-44.987614
zmodktzx.info,0,-33.32782,-44.987614
rbjyrseeluen.com,0,-33.32782,-44.987614
qwqyleasuredehydratorysagp.com,0,-33.32782,-44.987614
tlftancorml.com,0,-33.32782,-44.987614
geliihafkudupcba.biz,0,-33.32782,-44.987614
6h36e71loka3t144a8od1s1il48.org,0,-12.349317,7.8213086
tavrprocedure.com,0,-33.32782,-44.987614
www.sandearth.com,0,-33.32782,-44.987614
vfhuererwyatanb.com,0,-33.32782,-44.987614
weygfordlinnetavox.com,0,-33.32782,-44.987614
qndrua1kn8sj1him1a54sce1a.org,0,-33.32782,-44.987614
ynxvpgtiqtutpos.org,0,-31.854536,-48.945786
jwfuujmudqgwmdrkcg.ga,0,-33.32782,-44.987614
18got1vvyjgzwik1t8u8bamth.biz,0,-12.349322,7.821306
zlplalitydevonianizuwb.com,0,-33.32782,-44.987614
ffyrepictom.com,0,-33.32782,-44.987614
www.dallaglio-nordin.com,0,-33.32782,-44.987614
onpozxgatgy.info,0,-33.32782,-44.987614
bac7aa41e31f77736a47609244b7bcc710.ws,0,-33.32782,-44.987614
kcpcmachuslazaroqok.com,0,-33.32782,-44.987614
tdhnsagabardinedazyx.com,0,-33.32782,-44.987614
qgwrkpyay.com,0,-33.32782,-44.987614
cqxdbyplaywobb.com,0,-33.32782,-44.987614
odtwttjnygpzjnascgqtmd.com,0,-33.32782,-44.987614
pgjzxklwhujosfsx.biz,0,-33.32782,-44.987614
jnuqardenslavetusul.com,0,-33.32782,-44.987614
hlyfqpotpprmqjz.biz,0,-33.32782,-44.987614
ddaybyplaywobb.com,0,-33.32782,-44.987614
smdpsysmvpopxpy.com,0,-12.349322,7.821306
uienmdfgdof.eu,0,-33.32782,-44.987614
jocmqonfcmphhhfndhhn.ru,0,-33.32782,-44.987614
1nmt1dbsmhfk41xjacbjf2nnsn.org,0,-33.32782,-44.987614
roejma1cjouawkfzapifism4f.com,0,-33.32782,-44.987614
issfsmwo.info,0,-33.32782,-44.987614
yatdaz.com,0,-12.349322,7.821306
mqlovx.com,0,-31.854536,-48.945786
blxlwnr.biz,0,-33.32782,-44.987614
fbscykxgzuypdlcqcimcrk.net,0,-33.32782,-44.987614
fruqrasildeafeninguvuc.com,0,-31.854536,-48.945786
hyhoqqkbla.mu,0,-12.349322,7.821306
oecabyplaywobb.com,0,-33.32782,-44.987614
rsvtixluanxyveggmwrbotqw.org,0,-33.32782,-44.987614
rnhuglhnobykys.us,0,-33.32782,-44.987614
exvgdyoesfkjpt.tj,0,-33.32782,-44.987614
dhukvinskycattederifg.com,0,-33.32782,-44.987614
cakosk.org,0,-31.854536,-48.945786
qrxxhtrnxoxre.info,0,-33.32782,-44.987614
wrylqjiud.org,0,19.926699,16.104744
kdxzlbclktz.com,0,20.125856,15.327469
protiekfire.com,0,18.837177,16.092607
fpzkpartbulkyf.com,0,21.352524,17.269617
ycuoyy.com,0,18.555244,16.757711
yl95ir80dv7ea5bilr1smpm8y.biz,0,19.26382,16.452469
lbarch.co.za,0,19.384548,18.92444
pupuxap.info,0,22.464731,17.25435
p8tjeb17axdi7zykaafk3wzvm.biz,0,20.689775,19.024668
vbelsikathrinezad.com,0,21.456339,16.552507
cstkvinskycattederifg.com,0,19.0121,18.521776
11fedl0p8isaw1tdi5ltn2bimi.net,0,21.57863,15.551746
dhdwrasildeafeninguvuc.com,0,21.852373,17.411709
uyyosagabardinedazyx.com,0,19.400738,16.961508
zdtikf.com,0,21.238495,16.130291
sd99dda5d54717335aba20df2712055a50.to,0,22.393438,16.737522
1v49ig57fyoeodov0al18iv78f.net,0,19.882662,17.595407
hfnpynrrrmbrwlol.org,0,19.46124,18.982895
hpcjinalcentricem.com,0,20.641514,16.118608
dlwkpartbulkyf.com,0,20.99431,16.003164
svwhxtdoaoymofhds.cc,0,19.791784,18.394203
lmbqwobeysgwgxpphkvwsdz.com,0,20.666933,15.307473
xsjcjjqgfyhpugakp.com,0,19.459013,16.997097
pxscbyplaywobb.com,0,18.840464,16.674997
djocanerraticallyqozaw.com,0,19.428686,17.34002
dxdxanerraticallyqozaw.com,0,20.000412,17.116026
ocgfanarianaqh.com,0,22.510143,17.00174
xqmwhovmpveehb.net,0,20.058226,19.272287
rnlqenhancedysb.com,0,19.109465,15.901767
ysdaiologistbikerepil.com,0,21.099573,16.680124
narphup98r5g1mwii431f7vs9r.org,0,18.532867,17.087486
zqvdlqwoqulqwm.info,0,20.828949,18.308842
xdxhenhancedysb.com,0,20.139029,17.817316
bhfjerefkihv.pw,0,20.429535,16.571325
eeefthoodivettewl.com,0,21.44435,19.085701
ycqsestnessbiophysicalohax.com,0,20.273577,16.715427
ybtmdtdmxngswuxugb.com,0,21.56852,17.181032
fcuebiww.cx,0,19.724045,17.521898
fundzit.com,0,19.617481,16.27338
pgrtmoypdxnlfiin.org,0,19.006712,17.588072
hvkrbyplaywobb.com,0,22.376911,17.772444
puvuduq.info,0,19.831038,19.127493
rqpl0018b90yhk5ddys1taisn2.biz,0,20.979746,16.416796
ltyksagabardinedazyx.com,0,20.478874,15.348254
qb0wvcrzhzxa7wk03r1x9jh4w.org,0,20.239641,15.948303
102eybp1a2rmtv9884pq5ae94j.com,0,19.182215,15.67204
kugusemitismgavenuteq.com,0,21.520336,17.986694
qooswsirjjxu.biz,0,21.733873,16.143082
amckrasildeafeninguvuc.com,0,18.533295,17.405916
aeelxyrawgsfqe.ug,0,20.98007,16.883612
kadbtq.com,0,19.44269,15.500893
ngvcyssddesc.info,0,19.601938,18.318516
neorgvmkwvckdo.com,0,19.257755,17.980673
wqxvrsensinaix.com,0,19.973318,18.221138
vkqdmuvxc.cx,0,19.729128,15.624155
xmwoqpcpbnviji.org,0,19.013748,18.482428
1850jq2y98sqm1ezra4r9l6x92.org,0,-22.461336,-0.2929601
simef.eu,0,-20.097193,24.297058
epvmhxivi.com,0,-20.288498,16.295847
nddqwmnunpkpskwq.com,0,-8.528048,-7.5677176
jjbkfxidcvsvaahxt.com,0,-17.946983,-4.990848
fnosrsensinaix.com,0,-12.629389,-9.469362
mkdflexum.net,0,-20.97215,-8.7782955
digitalcore.lt,0,-13.143383,2.511409
uvevsgfksrdit.bid,0,-12.109103,9.425736
psaopz.com,0,-5.8778195,-8.793727
asshnyhxlfpdyfoljqo.ir,0,-14.175059,-5.640377
lhxdpartbulkyf.com,0,-9.537598,-4.8989887
snw3xz1dy74af1cztyxu1dobdd1.org,0,-20.330343,3.6355886
kiwsrmvrqfqrzy.info,0,-9.119171,11.065701
oornlpqnlgllvll.org,0,-14.141004,22.678045
mioaccuiwcymao.info,0,-13.974204,1.2946819
oepqmachuslazaroqok.com,0,16.050262,8.4719925
cqpooi.com,0,-17.149164,2.2514398
yysukxtjobk.kz,0,-19.452694,-0.58733624
emfopartbulkyf.com,0,-19.732456,24.04944
ppvpuauqywefjwv.info,0,-16.561924,-1.5035298
aewosikathrinezad.com,0,-11.550954,6.7269125
fmtnnpk.net,0,-29.811607,-1.806045
ofacuj.com,0,-23.462471,2.6404457
gxohugwmzvxnspvh.com,0,-20.749992,2.069744
csuxzwug.net,0,-10.697314,-4.3848014
kjtivswriqouequk.org,0,-7.7013125,-6.890324
vwcart.esy.es,0,-18.095383,36.37512
ummmpartbulkyf.com,0,-9.395254,-6.5933285
lbrkhqhcturq.biz,0,-27.023066,6.2933307
ztvfidablyhoosieraw.com,0,-23.28381,-0.6733923
ynsmhnoqqwtr.com,0,-10.876197,-3.5448685
konypykhsontisss.info,0,-21.438932,19.155487
pxuesatformalisticirekb.com,0,-6.271117,12.065224
bvoiqdwvyqiixtu.com,0,6.8667965,21.746637
bxrefordlinnetavox.com,0,-5.530058,0.5037394
weammbigtgrpywy.com,0,12.377528,17.118834
bhqjrxelvdt.com,0,-32.883873,-49.72578
rfceamentalistfanchonut.com,0,9.028148,10.331247
gsjfinalcentricem.com,0,12.546881,20.593096
vvnksitrqonnlyq.net,0,-9.002614,1.6634588
rfrvbyplaywobb.com,0,-7.812253,-6.083707
besthcgonline.com,0,-8.813913,-6.8887978
cqyxcosarog.bit,0,-20.166378,13.393183
foavbysadgzlwfrhantnu.com,0,21.40684,8.727174
wsytliskjke.info,0,-22.35903,-10.891293
ytteedy.cf,0,-33.01634,-47.512016
hxxfbahxl.su,0,-21.767544,-11.626802
utxfkkpsjiccvpdjp.click,0,-22.004725,-10.178377
canaukhgifvb.ru,0,-28.75278,19.84802
z1ibvn15ppe5hvrfal47rtk45.net,0,-33.01634,-47.512016
shnqcyfqkhwqkwgp.cx,0,-20.948483,-10.523211
trtxsagabardinedazyx.com,0,-33.01634,-47.512016
ooygrjpszigmeqq.info,0,-32.27054,-46.942146
yqtcmcindfhuc.com,0,-22.84804,-9.764405
pfegpartbulkyf.com,0,-22.296406,-9.511605
mlufiplhqyenqgtt.biz,0,-22.217873,-11.722094
aqiayynwccowlgk.net,0,-22.986902,-9.909728
qruglhylhoqppu.com,0,-21.0946,-11.188522
outlook-live.zzux.com,0,-21.960072,-10.991692
aqapvekf.info,0,-28.75278,19.84802
gqlbmen.com,0,-28.75278,19.84802
rhnpmachuslazaroqok.com,0,-22.448164,-11.624346
yufbbftwyyqg.pw,0,-22.988573,-11.180322
bxoemd.com,0,-20.941835,-10.553371
eiviuqjoiwgcf.biz,0,-21.533436,-10.909948
eakksagabardinedazyx.com,0,-20.942406,-10.896786
pexunyilzyqzcv.org,0,-33.01634,-47.512016
frbcorcajanunal.com,0,-23.100615,-10.112464
cbodzmxblatyi.info,0,-28.75278,19.84802
esyweneffmoyg.me,0,-33.01634,-47.512016
ljnkanerraticallyqozaw.com,0,-28.75278,19.84802
zlivriflfzasxjxtiwy.org,0,-22.728945,-9.684457
10aqi8d6qh1prck48lc1m9ivl8.com,0,-23.167538,-10.362038
kxwidtyxaabfcu.nf,0,-21.712873,-10.388021
morekt.com,0,-21.056768,-11.141484
nqttxuvkqynkthf.biz,0,-21.371033,-9.81254
y9d543dd520f5422929c67aa80d67ca8a7.tk,0,-21.32289,-9.860393
anyyblvcfrgyvja.co,0,-23.184204,-10.5301485
welafyl.info,0,-21.708296,-9.630338
1wt174a1be4ylhtdzftwjqurjf.org,0,-23.080711,-10.99877
utigx9zyrumtjtio4bag33x1.com,0,-21.365274,-11.456964
yo7o591m8n7za1gs879sfgfq3h.net,0,-33.01634,-47.512016
xddnrsensinaix.com,0,-22.228325,-9.50983
mhojfkfcoihaqv.eu,0,-21.15311,-10.069477
znnpleasuredehydratorysagp.com,0,-32.27054,-46.942146
drhaererwyatanb.com,0,-22.031425,-10.201497
nlqmbykdaggfba.sh,0,-21.201515,-10.035764
uiyykc1k41apztct1avd6uezb.com,0,-22.351995,-10.522348
jwb58fvavd20mrn20fze41jvczg13pvgtpzjq.biz,0,-21.873413,-10.984579
eckcalakswge.mn,0,-21.709661,-10.415336
rtugmljpkwjnlk.de,0,-28.75278,19.84802
voterscope.com,0,-28.75278,19.84802
osnigi.com,0,-5.1346,35.18203
khrztx.com,0,-9.196024,32.507427
nfchidablyhoosieraw.com,0,0.3569616,35.091663
echoclassroom.com,0,-8.306133,38.93706
5nx6xa15y4cfy1qfxkgw1q8hk0k.biz,0,-5.3339767,43.75243
madialaw.com,0,-2.920722,36.91159
qqmaqmlpxknuc.com,0,0.2856184,31.782167
oadqfordlinnetavox.com,0,-0.82809395,28.572664
tqtitm.com,0,-31.400532,28.741781
8kuuhd1fevb7u3hmfic1i7axjf.net,0,-13.194544,39.655254
mdceetntwrjleiiug.net,0,-10.631882,39.896286
qdudvco.com,0,-25.12538,27.819727
dvfuhifox.com,0,-18.049896,30.84978
niqilpdsolvxaslz.info,0,-6.946579,22.662823
gcesanerraticallyqozaw.com,0,-9.3076105,30.257298
brianganyo.com,0,-33.969563,30.319181
ohre99cd2farqmwwus1nzyzjh.org,0,-16.379662,35.22519
yznoqztvxsbpdbnrq.biz,0,-5.713968,24.75318
fuwwvdioe.pw,0,-7.1890407,33.856766
xc5775cac90a9c0e4efa127a1ce24d41e8.ws,0,-28.514122,39.738953
msmoancorml.com,0,-14.747803,34.004078
uampusxwoxoatpydknekb.tv,0,-11.23376,35.490707
hbwzleasuredehydratorysagp.com,0,-5.266713,29.925285
fhrlenhancedysb.com,0,-7.404355,29.167784
wdqmreteevmsag.com,0,-23.477041,26.709171
jvitsatformalisticirekb.com,0,-8.886176,41.994293
cxuxububcjs.ru,0,-11.911692,37.838623
nrmlijtkkoot.biz,0,-35.676437,22.10215
gubremontpc.ru,0,-14.172735,37.732983
jdjjuixjak138vw1w1eipn7i.net,0,-9.874899,37.167576
1tuan4y1a0bjz6xqfz271km3tun.net,0,-5.8613815,27.221155
emahnrndspxjrh.ru,0,-31.372541,31.465475
lfsiancorml.com,0,-22.803867,32.677708
ecocpartbulkyf.com,0,-27.071926,28.881792
vnksamentalistfanchonut.com,0,-28.994051,25.217226
iivpxyzyiiprveh.com,0,-19.84283,30.134655
qoesinalcentricem.com,0,-20.112028,36.400036
bjquleasuredehydratorysagp.com,0,-18.001102,32.6485
trunhlb.eu,0,-12.97965,34.265625
angelsshipping.com,0,-29.056032,27.598925
1lakec61q44xlz1ufstyo12l16cd.org,0,-2.780139,30.936316
ntuiedandnirzquftffkhanka.org,0,-19.519,31.737543
qqrtanerraticallyqozaw.com,0,-16.40315,33.33082
1c16mc8oebqje1gtxup2fz2vma.org,0,-0.2336777,38.712612
iwguancorml.com,0,-21.790602,29.86165
ewgusatformalisticirekb.com,0,-22.775772,34.613857
2isjyl6vynl5v4myvwoa45ue.org,0,-24.921278,31.828234
fhupmachuslazaroqok.com,0,-21.315516,31.55704
jdeugdd.net,0,-36.572163,25.483145
taxiyandex.win,0,-24.840542,25.588348
kqklsojmilvvhlp.net,0,-5.5759974,37.99714
pkmeywefhggqkwm.cx,0,-14.747923,32.28937
dbltidablyhoosieraw.com,0,-3.574123,28.01472
bquskgfiv.org,0,-26.994974,30.997416
wudvestnessbiophysicalohax.com,0,-33.804066,27.242016
rockingworld.gq,0,-23.983448,21.455963
tsukurupajama.cms.future-shop.jp,0,-9.3023615,34.720997
uckmrsensinaix.com,0,-20.644558,28.564995
tyqkaqdvngscfsonof.to,0,-16.145737,37.185444
1o3wjot1a11csa17md0ux1wfrmzr.com,0,-17.859137,34.453457
phrilkcxzhqkdzrfdmekty.org,0,-19.568514,38.08049
ldcbvinskycattederifg.com,0,-24.938976,23.606583
jnhcqwxpyn.us,0,-26.67942,33.160496
psevqkbjxvrsgqi.biz,0,-26.880642,26.749949
hxklhilkhilh.com,0,-28.549688,34.823387
zkkgnkpjwhtnqnn.info,0,-31.186354,26.01082
damjs16ch99lchrae41nj2zfe.com,0,-7.6133237,36.327457
foxyfawu.info,0,-7.306084,31.447691
hxlkllaabettingk.com,0,-2.619139,33.79279
uirpvinskycattederifg.com,0,-33.139652,24.242558
sqsbqjmhwnthn.org,0,-11.116738,33.41938
bnbdvinskycattederifg.com,0,-23.31671,37.688046
everyonesmile.net,0,-26.232988,35.390244
wchdfqwdiphw.com,0,-6.2865605,40.71872
motevasete2.samennoortoos.com,0,-14.116072,44.3397
gsfzellefrictionlessv.com,0,-3.088238,40.774258
wbpwkpem.eu,0,-26.790037,24.686409
yubndtkwepkr.pw,0,-17.632704,38.61169
ucbdrkxc.eu,0,-12.846777,32.408367
ffqkamentalistfanchonut.com,0,-19.483707,40.098278
eajztovxxfnbqhibs.com,0,-31.003738,34.34992
nrfwosni.biz,0,-3.0800111,25.314512
ndinnfakwqshivx.org,0,-5.111508,32.4459
5qbpdx18l2vaa1h9au6ojw40es.com,0,-21.872501,36.290565
htfuaulxxjsiuwt.org,0,-11.03419,31.386848
tsjmedebjwvu.com,0,-24.548962,33.734997
bhjcjseymtc.org,0,-7.6764574,-4.364761
ovcffxjswchutsgermcqowix.com,0,-8.836276,7.0757227
lpzzorcajanunal.com,0,-16.06339,0.30522552
d8591b6f827fdcb917a66982fa5bac44ab.cn,0,-11.811962,3.6700516
jclbxgidkd.net,0,-23.630339,-0.34806848
gxwitxzhnbjrqt.org,0,-2.0547743,14.932704
ptsobaphua.com,0,-17.670567,6.414695
sehbpartbulkyf.com,0,-11.915256,6.007836
yodbaccrqx.su,0,8.121929,22.370462
secure-restored-payments-frauds-activity.com,0,-18.109037,28.428911
eoyisatformalisticirekb.com,0,-9.8324995,-9.14035
aencrsensinaix.com,0,-20.424126,-12.279707
dtwpererwyatanb.com,0,-9.759128,-3.6135483
qlpgplyrqukwlyt.org,0,-26.689194,4.369728
adwclkx.ru,0,-17.971554,3.5793831
yvvacddencywnncuqokgv.su,0,10.859543,13.302486
ngikpownqrcd.com,0,-27.877764,19.79316
jrabsikathrinezad.com,0,-19.910587,-8.131679
nspayrjtrfmuqfi.co.uk,0,-33.198612,-50.703514
mqhwanerraticallyqozaw.com,0,-15.319247,-9.437478
wheelforty.net,0,-9.055314,-10.036487
zfheamentalistfanchonut.com,0,-22.460955,1.4150451
laobaozj.com,0,-16.881678,0.4677011
xjslmachuslazaroqok.com,0,-21.446348,6.668559
jr6e5l1roqvs7hxhyat1npl1kt.org,0,-20.588829,1.7865537
healthdirect.ie,0,-18.576717,22.95241
quedabesouro.ddns.net,0,-18.679277,11.948624
svpwedsfstherf.nf,0,-11.255008,21.283298
7veilr1gwj82toqkjt29wd2at.net,0,-9.645509,13.790969
gsgarsensinaix.com,0,-17.797293,-7.05655
xbpwiurd.biz,0,-7.5453243,-2.51053
cbicxvtjlyrhlnebdshb.ki,0,-29.82275,-44.89267
cfuytxpblhrpveouwrgu.org,0,-25.690374,7.577461
qlwlxggrgcqvqv.com,0,-5.242832,5.577696
zdwbmen.com,0,-11.488048,-3.427798
humojr.com,0,-7.7336054,0.6894503
toydsfcovnyd.com,0,-11.647951,1.5922452
lpkuqzzddzdbc.org,0,1.2421398,12.319047
zhhwvq.info,0,2.2708905,-0.4147015
iopmrsensinaix.com,0,-9.66144,-1.0044163
g6tgkz11tyv6fklca9j1ws4lgq.net,0,-14.456635,14.408427
t5f32c12b366fa78838ebc661c26742e90.cn,0,-20.253214,1.9612278
mu5chd9ud741a4nknda487rt.net,0,-8.669769,11.983203
atmacausa.com,0,-11.674197,12.241042
rvmakdcwnakvtxau.org,0,-29.631258,-39.031895
sqazthoodivettewl.com,0,-12.9380045,0.11147633
tnrpenhancedysb.com,0,21.16443,21.89176
yyprmen.com,0,-12.965988,-11.130038
nzlnellefrictionlessv.com,0,2.9070446,-0.070887566
ohvibgdac.dynserv.com,0,-28.405527,19.124596
mibhancorml.com,0,-11.868998,-1.665445
tbbjabby.mn,0,-17.939554,-2.9241931
xigyfmfyqyyq.com,0,20.942686,8.299134
poywjuktijylnhp.com,0,-18.39531,-2.310872
pakkagit.com.tr,0,-17.515373,-2.818406
fvxqmachuslazaroqok.com,0,-19.065596,-8.088833
brianmielke.com,0,-17.304035,-2.3347018
omhesatformalisticirekb.com,0,-17.545328,-2.850812
pgamiad.ga,0,-18.396889,-2.8586833
uwmxdhqnteow.info,0,-21.223476,-0.07071705
1yqvih5rd9mbftvagbq11e3zrc.biz,0,-18.647432,-2.4575899
fpmzsagabardinedazyx.com,0,-17.868235,-3.4814882
gshvrasildeafeninguvuc.com,0,-19.801243,-12.934941
bfefellefrictionlessv.com,0,-17.836058,-2.38396
fteavinskycattederifg.com,0,10.582984,20.67543
tjlumvqiuuddmzlkrxybi.info,0,-10.578207,-7.6443496
bvqmalitydevonianizuwb.com,0,-18.543468,-2.7792404
pmeutx.com,0,-19.65033,6.91288
isopxkliqfmrytk.com,0,-18.451551,-2.3146214
bxvrorcajanunal.com,0,-18.47849,-2.3214653
xkhoutruwoffzrwu.biz,0,-17.856804,-2.3702784
xprvsikathrinezad.com,0,-5.988283,-12.9428215
qjyuhpbscnlphhmfnkcar.xxx,0,-17.238388,-2.3996782
e1bd43037a2db8b9e9876e3eb8b1bff138.hk,0,-20.076359,34.009567
1fzg305w0hzbk1l0aqave98x1g.biz,0,-20.155125,10.885242
kdnicnvlkegoofyy.com,0,-30.509031,1.8667676
pttxhhlmumqn.biz,0,-17.8247,0.8239746
ihdxwptfhhtx.ru,0,28.902922,6.0110955
eyudijtuia.net,0,-17.424763,-2.4839432
gazinat.flywheelsites.com,0,-17.407822,-2.5557578
1ype2jma60dyqgl07m9sioh2s.net,0,-6.525176,-10.774716
kumsorcajanunal.com,0,-18.116682,-2.9223022
dwinhuftdyr.com,0,-13.949475,-1.9936426
jzersemitismgavenuteq.com,0,-25.053082,2.8659043
ldvgiologistbikerepil.com,0,-33.686394,-50.753838
bjqdalitydevonianizuwb.com,0,-18.078178,-2.9233563
xeetlxssfovhyik.co.uk,0,-17.830496,-2.365709
qftojbjrfjsm.com,0,-18.374321,-2.33131
severacourse.net,0,-23.777607,-0.14384481
1ubrbba1wap4d9qaeel21s733dn.net,0,2.5649028,0.34766462
ptwaamentalistfanchonut.com,0,-15.02139,-7.1259646
yfndejjelfwc.pw,0,-17.566998,-2.344188
fnhepartbulkyf.com,0,-18.696068,-2.5163908
jkikekr.click,0,-22.183104,1.5139414
originalsbrands.com,0,-13.74021,-15.133098
xfhyyrlnjdqneisv.us,0,-16.136341,4.2316213
wkbcuhdlqtodjg.cc,0,-13.74021,-15.133098
fhmbsatformalisticirekb.com,0,-13.74021,-15.133098
vfuphgmf.com,0,-13.74021,-15.133098
amanity50.biz,0,0.8768488,-10.573077
ooqnpl.com,0,-18.82038,6.7485423
gutemazlokc.kz,0,10.573485,20.661842
mnfbpbh.su,0,-15.785921,13.271102
pneurilwwv.eu,0,20.958893,13.686121
woiqepictom.com,0,-16.705034,15.457126
mwnhorcajanunal.com,0,-7.258,13.980266
ghwxya.com,0,-30.35992,0.6273113
uchbpw.com,0,-30.35992,0.6273113
rtlyepictom.com,0,-30.35992,0.6273113
agqainalcentricem.com,0,-24.585743,-2.5931091
trbzmachuslazaroqok.com,0,4.857422,23.744055
rc1bvdoncfuxabc2.cn,0,-27.670582,18.441177
lrtlorcajanunal.com,0,4.816201,23.745567
hkglwqiznkwaogjyzqtiufcdh.com,0,4.8558745,23.741804
dllocmgmhopkaggg.net,0,6.84629,23.373735
xtnfsoutslmfud.biz,0,4.3738337,18.986454
kkhaalitydevonianizuwb.com,0,-28.708136,7.875454
igwmalitydevonianizuwb.com,0,-19.542978,-0.08028103
dfiaiologistbikerepil.com,0,-28.923132,6.461644
naamdehfefeel.com,0,-28.708136,7.875454
v3.viennateng.com,0,-29.72016,6.366596
vnzzpartbulkyf.com,0,-30.16698,7.0516014
xpxeinalcentricem.com,0,-28.772835,5.712305
qtmmkglrptd.so,0,-29.797258,7.671728
phbovinskycattederifg.com,0,-29.41272,6.828991
dabuhutregl.ga,0,-29.124512,7.354004
b-d.sdp.biz,0,-28.617346,5.7613764
oydsrkobu.net,0,-29.717136,5.9235373
brogererwyatanb.com,0,-28.326029,7.617834
wgwckjqmihkcsnhp.com,0,-29.152477,7.9422307
genxphones.com,0,-28.095812,7.2594967
mvnxpbmpbkkfckxwf.ru,0,-29.48909,5.7765937
tpqkinalcentricem.com,0,-28.982412,6.608907
saabdcyptatkldeqe.cx,0,-30.030716,6.1862674
nluipartbulkyf.com,0,-29.349424,7.882955
eremxm.com,0,-28.77793,6.6928573
ikqagiqukunbavvs.com,0,-29.443815,7.077995
fhpxll.com,0,-14.407912,29.131397
pxcbbbuhwvvf.xyz,0,4.4354973,19.155083
kurerkkcgrgcc.com,0,-27.981165,6.403503
nnljidablyhoosieraw.com,0,-28.178406,6.098555
rqmrqxohifwc.com,0,-28.182491,6.4500856
dmcwvjvqrmnmqgq.nu,0,-30.183622,6.8570914
ypsodr1eqyi8x7plweg1ytra9w.org,0,-27.96579,7.0152574
bfjrrasildeafeninguvuc.com,0,-28.213068,6.266926
nxnpmachuslazaroqok.com,0,-28.41005,6.0571737
vdgcestnessbiophysicalohax.com,0,-29.685787,6.651723
ifotdvbal.net,0,-29.360819,6.4122
yahkqv.com,0,-27.948198,6.7730765
cqfgxkarsgmz.info,0,-29.532963,7.090606
sfdkmteuchwfbxbvcuypyanvv.org,0,-28.445568,5.823288
nalahkyixtfrdukgktmve.ir,0,-28.726656,7.137079
acflaewiyduhxzdxwyyqqu.biz,0,-29.349424,7.882955
jnievonpci.cx,0,-29.476908,5.827287
twinspack.com,0,-29.66549,7.755897
gx4e2a3n1cls13a0sp1ak2a9m.net,0,-29.956722,7.4862967
altyfptun.net,0,-28.29819,7.601115
hltpzlsjwgtmqry.info,0,-14.969474,-1.0044447
tvpfamentalistfanchonut.com,0,-17.230782,26.624609
1aieydi1bvmkqb10yf4u51csdkqu.net,0,-23.469894,8.126786
appcost.win,0,-23.469894,8.126786
awru27yr0jxuezhl851kqk4zb.com,0,-23.469982,8.126798
vaultonex.com,0,-30.06703,-39.004498
a0tmi4pwkw4qer6x.info,,-30.41637,-39.14327
ebw1mf1qex48i1gawi681lb75ew.net,0,1.030069,12.2963505
nvwymachuslazaroqok.com,0,-10.166416,0.71160126
fbkfererwyatanb.com,0,-24.631983,4.8810897
qxjkksjxrcvyxgxvn.biz,0,12.623181,19.284582
xlktsemitismgavenuteq.com,0,12.623146,19.284937
agzjancorml.com,0,-1.970271,-3.520668
xjjrenhancedysb.com,0,-3.607529,-2.8372896
google.com,1,-1.6695446,-10.987218
waws-prod-bay-157-d251.westus.cloudapp.azure.com,1,27.581352,-2.6101398
kerrang.com,1,13.810206,8.8095875
2mvh.la4-c2-ia5.salesforceliveagent.com,1,-29.769526,-2.6274812
alpha-ag.download,1,16.078867,14.384208
star.jsyunmy.com,1,8.6051035,-16.280916
nfoservers.com,1,19.522327,-6.6795683
pdocs-private.s3.amazonaws.com,1,-5.6490383,-10.327695
upload-bbs.mihoyo.com.m.alikunlun.com,1,30.091099,-2.612736
web.plus.espn.com,1,19.952765,-11.646942
bovedainc.com,1,30.642004,-25.775133
ereforms.gov.az,1,11.058348,8.328337
119.docs.google.com,1,31.187454,-27.707003
audit-dev.iad.aws.dev.appetize-dev.com,1,26.752367,-2.2833755
s-usc1a-nss-2030.firebaseio.com,1,15.210933,-14.043716
f54cbe36-23a9-4505-85fe-e251f80ec34d.notifications.api.brightspace.com,1,29.410614,-27.293114
www.mysmartmove.com,1,24.780882,4.8382387
ns1.ns1.ns1.ns1.ns1.2a1d84a4524eddb4a29be3220405f66c0e077b73.4.ziyouforever.com,1,22.09259,-11.580115
lrs-ms.com,1,-21.563818,1.4965918
emisoras.com.gt,1,27.427725,-27.652912
portal.privatelink.adf.azure.com,1,23.501993,10.640152
ssbsync.smartadserver.com,1,25.322771,-9.654646
ns1.ns2.ns1.ns2.ns2.ns1.ns2.2e947d1f1a67bc5fbe96efe62499137d823e4f5a.4.ziyouforever.com,1,30.30239,-3.9162462
alphork.com,1,26.289143,-3.8290582
fa723fc1b171.us-west-2.playback.live-video.net,1,6.1443167,-13.063975
188567-ipv4v6.gr.global.aa-rt.sharepoint.com,1,-34.55661,-48.826893
aels.ade.arkansas.gov,1,-16.051798,-2.157119
thebondnews.com,1,-3.16267,-10.13818
barion.com,1,24.970638,-4.604002
3b.environment.api.powerplatform.com,1,22.929419,-0.48953354
www-linkedin-com.ln-0002.ln-msedge.net,1,5.3698664,-0.10567241
swush.com,1,7.813957,-14.819111
everpath-course-content.s3.amazonaws.com,1,-2.3381002,-16.063858
www.maialearning.com,1,24.033298,-10.335631
trepp.com,1,19.601036,-8.158343
sn-uhvcpax0n5-u25l.a1.googlevideo.com,1,32.054127,-26.207544
img.faloo.com,1,-9.165276,-12.11729
survey.dps.mp.microsoft.com,1,-0.9807809,-12.921215
images.simonmed.com,1,4.482071,-3.6654882
makemusic-public-images.gumlet.io,1,23.236267,-7.3056874
techcity.cloud,1,27.630083,-18.988802
buckaging-my.sharepoint.com,1,5.815705,-18.209051
cache6-waw1.steamcontent.com,1,-21.556551,-13.063198
sqills-integration-dev-test.cloud.sqills.com,1,-30.132824,-42.196476
www.rnengage.com,1,-2.175955,-10.84703
baiqueling.baidu.com,1,29.420126,-4.5372233
fstsrv4.com,1,-5.675542,-10.134143
www.fit.edu,1,24.473335,-8.037556
chocchildrens.net,1,13.05673,10.560962
www.flyreagan.com,1,-2.587746,-3.4004834
msg-sa.hismarttv.com,1,18.86817,-9.307072
packages.ubuntu.com,1,11.832481,-14.9036455
abps3.com,1,-14.200677,12.192857
rockfin.com,1,29.652885,-26.412323
log.hd.sohu.com,1,-16.890432,-7.030849
dogeminer2.com,1,0.028402422,-11.997952
deneb.prod.infotainment.pdx.atieva.com,1,30.220224,-6.319949
1308fa43-12e3-49ae-8531-43ac7a89e8de.ods.opinsights.azure.com,1,12.979381,-14.299919
api.breeze.extraspace,1,-4.4682994,-10.901459
broker22.remotepc.com,1,13.229198,-15.6423235
dm.calamp.com,1,5.953784,-11.861892
www1.mpnrs.com,1,-3.2173512,-11.957868
nas.gl.adp.com,1,-15.33376,-7.518045
viadegliorefici.com,1,18.969172,13.107334
slmcdncdnncdncdn28.shop,1,29.563868,-2.932988
deliveryprice.wildberries.ru,1,27.216087,-5.3294344
zoomsjcpg253zc.sjc.zoom.us,1,-3.2259061,-13.040862
p108-setup.icloud.com,1,28.503633,-3.3480785
api.ireaderm.net,1,27.950495,-2.2092044
sts.uic.edu,1,-11.772605,-1.7210252
identity.schoolcashonline.com,1,25.522243,-10.180114
service.haloapps.com,1,7.1728024,-18.162302
deltaairlines.sc.omtrdc.net,1,24.499676,-25.889631
irprsecscan1.tixx.tickets.com,1,18.518736,-7.116072
cdn.bankingbridge.com,1,23.713413,-13.225248
losangeles1.level3.net,1,-1.578285,-13.736492
rarbg.best4stremio.space,1,30.744678,-4.9462047
theifactory.atlassian.net,1,20.063358,-4.0793295
xnet.co.nz,1,27.626917,-26.535353
pbipwus2-westus.pbidedicated.windows.net,1,-11.811667,27.9418
ads.intentiq.com,1,29.467564,4.7199397
cdn.dpsg.com,1,27.259308,-4.6427217
presto.bookdepository.a2z.com,1,4.363111,-3.777376
hagerstownhonda.com,1,-4.2882214,-10.536997
i-main-pro-ibot.relaysvr.com,1,31.393578,-26.196417
mcc.api.mayo.edu,1,25.169765,9.319788
baxter.rev.vbrick.com,1,31.353298,0.827904
asm-api-prod-dc-cus-skype.trafficmanager.net,1,25.804878,-20.868511
atl-bookassist.atlassian.net,1,26.83981,-0.31434977
aerserv-ads.trafficmanager.net,1,0.13443892,-13.548969
upload3.systemmonitor.co.uk.cdn.cloudflare.net,1,30.006989,-28.911308
11029066.fls.doubleclick.net,1,26.665401,-21.622778
audio10.mixcloud.com,1,-10.205041,5.1790566
id.dev.personio-internal.de,1,22.780802,-0.9483828
webstorage.yourtruepartner.com,1,6.468232,0.9589209
sso.authrock.com,1,13.504924,-3.5415888
p304-contacts.icloud.com,1,10.294011,-8.079575
chanceryclerkandmaster.nashville.gov,1,12.854174,-14.082509
in-mum-gcp-r004.router.teamviewer.com,1,13.457621,-13.456477
netxinvestor.com,1,24.562311,-4.686116
zagent1188.hola.org,1,28.378563,2.515958
artefacts.prod.skinfra.xyz,1,24.252956,-3.9381728
terrific-advicelettertoglancetoday.info,1,-14.019481,28.673334
connectiverx.hive.templafy.com,1,24.45259,-3.9132226
a1430.casalemedia.com,1,23.182188,-26.958569
e75354.b.akamaiedge.net,1,26.738934,-22.900803
parishepiscopal.sharepoint.com,1,-2.434962,-13.313059
sn-t0a7lnee.googlevideo.com,1,-0.8319337,-11.745502
don0.sharepoint.com,1,32.665424,-27.566631
quic-proxy-gcpsg-v3.gcpsg.byteglb.com,1,19.67121,-4.328912
eur.nl,1,10.152835,0.24278352
apexchatproductionprofileimages.s3.us-east-2.amazonaws.com,1,21.193476,-4.843398
parlacondodo.net,1,27.022192,-8.055245
notify.ancestry.com.cdn.cloudflare.net,1,5.6073174,-18.258753
instagram.ftlv15-1.fna.fbcdn.net,1,4.3245435,12.953502
instagram.fhkg4-2.fna.fbcdn.net,1,14.873704,-13.336191
learfield-my.sharepoint.com,1,-30.112919,-42.223972
rr6---sn-cgxx1xapox-jaxe.googlevideo.com,1,-14.253705,-8.250835
e.weibo.com,1,16.893816,-8.1664
akasrip.net.8b4c359f.1.cn.akasripcn.net,1,26.094906,-1.3671377
a2471.casalemedia.com,1,22.942186,-5.3321543
paccar.net,1,22.122765,-9.293748
ssgsales.com,1,12.83792,13.629329
edge-087.sgsin8.ce.apple-dns.net,1,29.768358,-26.623669
encloud-me.xyz,1,7.9603114,-10.787461
dr.m.hk.a.com.com,1,16.8287,4.5822806
rr3---sn-cu-auod.googlevideo.com,1,25.855333,-5.4466367
gsipartners.com,1,-13.198517,-6.6233287
rr5---sn-25ge7nz6.googlevideo.com,1,27.119717,-5.043847
myevolvwhamxb.netsmartcloud.com,1,-2.6112506,-10.657217
kwai.com.akadns.net,1,10.428551,-8.533253
api.input.intl.miui.com,1,-2.8721957,-11.863602
external-media146.public.wsjcm-a-2.prod.infra.webex.com,1,16.908628,4.858784
api.game.360.cn,1,5.389393,3.1880424
api.recordingassets.logmeininc.com,1,22.301714,8.144402
mnc220.mcc302.pub.3gppnetwork.org,1,1.5275998,-9.455253
r4---sn-hp57kn6r.c.2mdn.net,1,10.681423,1.9828447
vpaid.doubleverify.com.cdn.cloudflare.net,1,27.12764,-22.437733
vm9-proxy-hisgeneral-neur-dub02p-2.connector.his.msappproxy.net,1,-3.8759491,-15.230367
remote.nerdsthatcare.com,1,5.539909,-14.852849
m.dyna.santander.com.br,1,8.433126,-15.438201
world.rugby,1,13.780168,-12.177807
testfreaks.com,1,-3.042552,-10.61056
apigw-prdil108-us.trafficmanager.net,1,22.336384,-5.90914
www.rundfunkbeitrag.de,1,1.3910298,-9.227506
douyincdn.com.qlivecdn.com,1,-3.842446,-12.6950035
rr6---sn-uh-30al.gvt1.com,1,10.185311,0.5188708
ns1.reliablehosting.com,1,4.9720125,-15.822738
cf1.zzounds.com,1,13.635681,-11.464264
rr2---sn-cu-auod.googlevideo.com,1,4.2923913,-3.162167
i2-prod.chroniclelive.co.uk,1,5.5601625,8.021655
porndoe.com.sds.rncdn7.com,1,-5.5896716,-10.111549
rr1---sn-npoldn7y.googlevideo.com,1,7.9929104,-15.256949
ipv4-c003-bog001-telefonica-co-isp.1.oca.nflxvideo.net,1,-7.7853775,-9.470518
recommend-ui-la.vidaahub.com,1,23.7424,-25.888176
aehr.cvg01.amwell.systems,1,-34.93386,-48.586735
edge-022.usden6.ce.apple-dns.net,1,-18.400162,-5.391179
techs03.tbnet2.com,1,28.446089,14.125819
prd1378.coupahost.com,1,11.6918125,14.678917
rr4.sn-hp57ynss.googlevideo.com,1,22.255856,-4.190555
www.rbs.co.uk,1,24.605705,-5.787645
aic.service.lgtvcommon.com,1,16.471405,5.421842
tawteen.gov.ae,1,-15.259055,21.274128
a184.dscw68.akamai.net,1,-13.84463,-3.8223646
cfe0a82a-ca1c-4597-b0ad-39983c421a76.rdbroker-g-us-r1.wvd.microsoft.com,1,31.044506,-27.273638
g5-prod-ch3-010-sb.servicebus.windows.net,1,8.6656885,-16.358221
docs.gato.txst.edu,1,5.152334,-13.812477
ppr.gen.in,1,24.50275,-2.2019894
cphvpn.bkmedical.com,1,-3.3997235,-8.617604
sonar.fpei3-1.fna.fbcdn.net,1,-0.24764228,-15.431764
api.searchify.com,1,25.95267,-18.820543
p.alvashowcase.com,1,25.614923,-5.278751
atpchronicx.com,1,-17.52514,-5.239206
hostedpayments.com.cdn.cloudflare.net,1,3.5863714,2.842694
c.la2-c1-ia2.salesforceliveagent.com,1,13.509009,-12.213887
chroot.ro,1,8.572912,-0.056371085
cdn1.dcbstatic.com,1,24.476131,-2.8725958
ccw.coupahost.com,1,-1.8975455,-8.411459
api.media.recording.dynamics.com,1,16.359451,3.7757783
ipos.vn,1,8.503938,-16.108892
11148258.fls.doubleclick.net,1,-2.5189946,5.6409383
mrtoss03.com,1,-16.484787,-6.055159
online.fmb.com,1,29.275484,-27.508024
landseagroupholding-my.sharepoint.com,1,23.955975,-12.16439
pcast-us-central.phenixrts.com,1,-7.953344,-9.56595
lo-ts.liveperson.net,1,30.563389,-1.621093
seus.epssura.com,1,28.920328,-27.003801
dtic.mil,1,8.967834,-16.288252
invenio.sgn.com,1,18.731161,11.615202
ap4-hnd.my.salesforce.com,1,0.43083104,-11.03666
189790-ipv4v6e.farm.dprodmgd104.sharepointonline.com.akadns.net,1,18.080847,-11.568507
cdmpubsub2.pod6.avatar.ext.hp.com,1,19.983448,-5.083456
www.temptationstreats.com.cdn.cloudflare.net,1,4.5571747,-2.009873
com1.solocdn.cn,1,17.928286,0.7259766
ss.sharethis.com,1,17.373835,10.52143
aiglnr.my.salesforce.com,1,22.895138,0.05547397
provider.healthnetcalifornia.com,1,22.1646,-4.051848
imorenese.biz,1,15.274179,-4.2965612
auth.us.userlane.com,1,21.1053,-7.2610054
uperbet.com,1,-32.871758,-50.789562
e.cdngeek.com,1,-3.722078,-10.107945
xicp.net.itotolink.net,1,4.6237736,-16.050175
sporthealth-drcn.dbankcdn.com,1,27.641947,-20.443686
www.on-site.com,1,5.5571046,1.7251039
10628736.fls.doubleclick.net,1,-10.698916,-8.6711035
report.url.cn,1,4.9410915,-13.67958
blogs.archives.gov,1,24.01642,-25.523792
api.axcient.com,1,29.581,-25.582924
pa.rxthdr.com,1,8.1196785,-18.392628
vacationsbymarriott.com,1,23.14619,-6.5867906
shed-linkedbyair.herokuapp.com,1,5.5292187,-15.759445
transportation.pepsico.com,1,24.626379,-0.79661465
hd-ext-v1.log.mgtv.com,1,11.7159195,11.110831
ns-980.awsdns-58.net,1,9.320366,-7.3977284
rr1---sn-o0guxa-4g0s.googlevideo.com,1,-4.011696,-14.001894
ns-252.awsdns-31.com,1,12.669278,-13.653284
nextgenshareaws.com,1,20.419209,13.023092
deref-gmx.net,1,25.065691,-0.5093713
iris-de-prod-azsc-v2-neu.northeurope.cloudapp.azure.com,1,5.052219,-13.177542
r1---sn-ntq7yner.googlevideo.com,1,20.884422,-6.201683
mxa-00313e02.gslb.pphosted.com,1,13.513361,-11.95419
5ed1a926-6be4-4ee0-91b7-6d405a0583dd.ods.opinsights.azure.com,1,6.613542,-17.308273
gwiqcdn.globalwebindex.net,1,5.47902,-2.6018906
cluster279.canvas-user-content.com,1,-8.723757,12.005933
txcloud.de,1,14.44072,-14.516009
ocsp.rootca1.amazontrust.com,1,29.994635,1.9645847
f04.ccplay04zane.com,1,23.186762,-26.950962
www2.schoolweb.ne.jp,1,24.465307,-8.721454
sonlet.store,1,21.604033,-4.713733
hc4902-17.iphmx.com,1,26.229628,-19.666975
n596.meraki.com,1,31.389603,-5.3181343
live-health.top,1,14.047502,-3.9382632
8288624.fls.doubleclick.net,1,4.269697,-3.7186873
www.lidl.cz,1,19.644266,-9.8474
server-35.deeponlines.com,1,26.701189,-18.621777
mail.bresnan.net,1,-29.684055,-45.90506
va-a-ges-uconn-3.liveperson.net,1,-6.8560166,-6.4324827
nyanko-webview.ponosgames.com,1,-22.29827,0.43392572
s1.fut.ea.com,1,11.571185,1.0364072
balzerinc.com,1,14.227112,-15.878125
rr3---sn-nx5s7nel.googlevideo.com,1,11.985994,0.8061697
image.coolblue.nl,1,20.507942,-6.2278533
events.cdga.org,1,1.0678972,-15.986257
www.mikeshard.com,1,-10.686073,-0.355933
api.bigdatacloud.net,1,29.967094,-25.914957
rhgcs.com,1,-1.1059824,-15.559732
portgame.website,1,4.285442,5.2199492
vs34.adsgard.net,1,4.9364467,-3.1421115
wdm.co.uk,1,31.518019,-3.2513547
travelbuss.com,1,10.829264,-10.067543
learnosity.brainingcamp.com,1,24.712027,6.621601
api.m.mi.com,1,-2.509142,10.266085
bhhsresource.com,1,-4.784138,-14.34107
allogene.webex.com,1,29.28178,0.6855095
sa3.scener.com,1,12.869314,-5.579492
exact.publix.com,1,12.817746,-14.059459
fptplay.net.vn,1,5.1951375,-3.5100603
sg.cdn20.com,1,5.809834,-14.538222
p19-buy.itunes.apple.com,1,31.20168,-26.85618
ucmapi.americanexpress.com,1,4.335898,-3.5827286
12666736.fls.doubleclick.net,1,22.268526,-5.7835646
client-cdn4.holafreevpn.com,1,-2.587746,-3.4004834
1.servertech.pool.ntp.org,1,12.446772,-18.533081
photonengine.io,1,-5.4293113,-9.220631
staging.events.cdga.org,1,26.921476,-19.09238
www.rmfantasymx.com,1,26.184767,-22.401827
www.matriksdata.com,1,30.854565,-25.358334
www.mtl.org,1,-10.468314,-10.322189
proxy.pnc.geodns.secureserver.net,1,28.425163,-27.294643
admin.wadsworth.com,1,-0.5593913,-14.702376
jpt-15-ras-01.remote.box-corp.com,1,28.129051,-26.223927
api.gx.games,1,23.190367,-26.950064
compsource.workspaceoneaccess.com,1,5.552887,-15.399418
rr2---sn-8vq54vox03-ac5e.googlevideo.com,1,3.8685083,11.14681
ws.salecycle.com,1,1.2725271,11.427314
deo569i.video-delivery.net,1,22.986431,8.601859
virtualworkplace.signify.com,1,25.00957,-8.955447
kbc.com,1,26.434288,-18.728374
tallyenterprise.com,1,4.0613112,-2.6005065
r3.sn-qxo7rn7y.c.2mdn.net,1,27.502327,-29.037556
scontent.fsal2-1.fna.fbcdn.net,1,6.324183,1.4622041
rr1---sn-nu5gi0c-npoee.googlevideo.com,1,7.6965027,-16.883543
trust2408.com,1,26.525467,-19.92358
sdkuaservice.optimove.net,1,23.759174,-25.87016
rr4---sn-2aqu-hoale.gvt1.com,1,24.54103,-24.119232
audioapi.orf.at,1,22.00946,-2.761163
ns-eh2-prod-bl3-az516.trafficmanager.net,1,22.88499,-0.8607973
amzn.pro,1,13.6314535,-13.748715
e11218.dscb.akamaiedge.net,1,5.4349446,-15.946191
ocra-grab.api.sinch.com,1,-2.728763,-2.2622728
surveys.careem.com,1,2.8160405,0.96561706
rr1---sn-2up3ia5n-jb3l.googlevideo.com,1,14.243236,-7.565814
r4---sn-najern7r.c.2mdn.net,1,20.514559,1.3775171
appmetrices.uota.xyz,1,6.849138,1.4692209
producealliance.com,1,16.371632,5.9284544
stunturn-prod-california.displaynote.com,1,-32.001606,-48.21518
widget.gleamjs.io.cdn.cloudflare.net,1,12.425171,-16.275354
infinity-api.primagames.com,1,-4.5399437,-13.445396
sdcyun.com,1,5.155386,-14.632036
r2---sn-npoe7ns7.googlevideo.com,1,5.5865574,8.212471
zoomnjb43mmr.zoomgov.com,1,13.766413,-14.920811
www.whitehouse.gov,1,27.159245,-19.819735
www.flash.pt,1,1.1920259,-11.831852
hbonordic.com,1,-0.37542543,-10.063578
mx1.macace.net,1,26.397198,-4.8791885
r3.domainparking.reg.ru,1,29.383137,-0.9155344
impact2.dfps.texas.gov,1,-0.45014474,-14.659985
brunswick.sharepoint.com,1,30.258991,-2.106374
navfd.horizon-bcbsnj.com,1,24.86084,8.801017
dextrflex.com,1,-15.744033,-5.8138075
pubmnet.com,1,10.275933,2.2751827
bpergroup.net,1,-2.2058356,-13.040568
rr3---sn-uhvcpax0n5-jhie.googlevideo.com,1,-0.587482,-12.811273
bnetcmsus-a.akamaihd.net.edgesuite.net,1,7.0903773,-18.116983
livefire.atx.zynga.com,1,18.168919,-7.01238
emeritus-active-storage-production.s3.us-east-2.amazonaws.com,1,24.503428,-3.3144617
11491391.fls.doubleclick.net,1,-36.023773,-46.19699
velvetjobs.com.herokudns.com,1,3.4302337,0.93596387
static9.mysiteserver.net,1,13.637221,-15.545283
qa.wal.co,1,-22.791037,-11.320437
epayitonline.com,1,19.797388,5.329697
maps.locations.waxcenter.com,1,-13.173255,2.5561662
repository.akamai.certum.pl,1,-1.6474402,-13.799298
postsecret.com,1,4.814333,-2.1195855
greetly.com,1,20.38931,-6.906325
hu.fd-api.com,1,21.641834,1.8084112
burnsmcd-com.mail.protection.outlook.com,1,10.105478,2.908787
lansolutions.net,1,12.925603,-15.896319
nventco-my.sharepoint.com,1,29.276157,-5.097318
cih.co.uk,1,10.746395,1.7450786
qrimg.jd.com,1,11.978089,-17.075304
p56q2r.aiahkgrp.gslb.f5silverline.com,1,-14.281839,-3.9497864
pcsoweb.com,1,26.129814,-22.467745
ichnaea-vpc0-29426124.us-west-2.elb.amazonaws.com,1,13.825819,-12.499855
1drv-dogfood.net,1,8.8983345,0.004467572
fr.wiktionary.org,1,18.290388,-2.040188
zzy.adsit.cn.cname2511.yjs-cdn.com,1,17.50827,-6.3846974
dbs.sc.omtrdc.net,1,10.221252,-1.1166027
ez.hasil.gov.my,1,30.086884,-2.9784164
edge-096.usmia1.ce.apple-dns.net,1,25.665068,-5.565503
sp1.shinjiru.com.my,1,-23.488886,-3.3465705
3ddd.ru,1,29.462889,-4.871253
images.weserv.nl,1,16.887531,-9.524274
a356.us.akamai.net,1,24.02939,-2.8876905
43.static.vod.cdn.telefonica.com,1,6.945345,0.3867939
fcwebback.floodcert.com,1,30.958656,1.2934744
api.foodinfluencersunited.nl,1,25.189276,3.5164306
global.captcha.gtimg.com,1,-0.76360524,-14.733783
www.easydrawingtips.com,1,-3.323296,-13.886652
fastline.com,1,8.539357,12.040402
static.careerarc.com,1,-6.3917966,-8.268891
www.scorpioncms.com,1,6.808078,0.8212835
ins-su28bvwf.ias.tencent-cloud.net,1,13.703474,-5.593174
wral.h-cdn.com,1,-2.5635264,-13.130188
track.adtrue.com,1,30.96302,-4.544641
images.interactives.dk,1,29.179832,0.88205546
pull-tsl-vr-l1.douyincdn.com,1,-5.519824,-9.656562
singlepass-301795819473-client-data.s3.ap-southeast-1.amazonaws.com,1,10.499804,-5.1777825
rr6---sn-n0hhpujvh-q5jz.googlevideo.com,1,22.340048,-3.1145456
scontent-ort2-1.xx.fbcdn.net,1,17.450096,-1.8194606
webcast16-normal.tiktokv.com,1,24.641651,-6.770136
homedepot-v8-api.pointr.cloud,1,25.543547,-8.0099945
between-lugia.between.us,1,17.684412,-4.415242
china-briefing.com,1,28.916132,4.6250157
ffs.us2.code42.com,1,23.605993,-10.032115
fogl1-1.fna.whatsapp.net,1,14.227875,-3.8132885
occ-0-4280-2433.1.nflxso.net,1,24.026855,-1.14646
ns-192.awsdns-24.com,1,10.781047,-10.018925
sp1004f3b2.guided.ss-omtrdc.net,1,29.42623,-25.736115
where2getit.com,1,-0.8933663,-8.564019
external-media50.public.wamsm-a-11.prod.infra.webex.com,1,-1.3175279,-16.225506
odatv4.com,1,8.067784,-17.400255
broker26-1.bom6.prod.zpath.net,1,-20.402176,-5.392252
negerekiyorsa.co,1,7.0182776,-14.344054
www.rmscloud.com,1,24.77881,-11.95361
swportal.philips.com,1,11.647201,-4.165145
v16-vod.capcutvod.com.itotolink.net,1,20.812782,-1.6863647
coolmath.freakxapps.com,1,7.153129,0.039869383
fund.xueqiu.com,1,25.467445,-18.06691
mx0b-000e6601.pphosted.com,1,12.938263,-11.758361
ap-vpngw1.suntory.com,1,18.780237,-3.4059207
api.venyoo.ru,1,-2.4928644,-16.996328
mxa-00360801.gslb.pphosted.com,1,30.078455,1.6252075
a2alhn2dfztqv9-ats.iot.us-east-1.amazonaws.com,1,30.23239,-26.679749
4mkj.la4-c2-ia5.salesforceliveagent.com,1,28.96263,-26.640158
www.mediamarkt.at,1,-1.9791411,-11.520721
hsbcusa-autoloans.btctest.com,1,8.354476,-16.075825
5a3d.la3-c2-ia2.salesforceliveagent.com,1,26.787708,-4.367983
prod.ontrack3.hilti.cloud,1,23.789574,-10.718606
links.e.animoto.com,1,12.160785,-7.7348266
cust.2.cdn.telefonica.com,1,15.2394495,11.93657
sei.webdamdb.com,1,13.96314,-15.274414
reply.it,1,23.913012,-11.040848
ext.theprotecto.com,1,25.832144,-0.032136902
gozego.my.salesforce.com,1,25.3148,-3.1519005
peacequarters.com,1,23.660706,-8.25581
shop.worldofwarships.com,1,23.37854,-6.17106
leonbetvouum.com,1,24.28209,18.128895
p.backcountry.com,1,-19.324,-1.7088962
cz.xhamster.desi,1,-12.206098,14.789138
o150878.ingest.sentry.io,1,10.072341,9.983989
standchartbank.sc.omtrdc.net,1,27.115694,-20.743826
authdxl.safaricom.co.ke,1,22.931822,3.2022848
zndhdiyioxe62fizu-abnamrobank.siteintercept.qualtrics.com,1,17.375637,-18.677025
www.flagstaff.az.gov,1,16.263567,3.429638
www.yr.no,1,-30.289886,-44.76052
smp.api.ftpub.net,1,-20.476418,-7.858498
www.studentclearinghouse.org,1,23.77301,16.169706
myfacilitydude.com,1,-2.7412002,-2.287635
scp.btoo3.com,1,5.4992313,-18.223879
unifi.it,1,28.851355,5.172844
rr4---sn-oguesndz.googlevideo.com,1,27.474138,-21.780241
items-va.learnosity.com,1,18.157433,-6.1421432
gtm.premiumoutlets.com,1,24.29996,-26.111515
tyler.logs.roku.com,1,14.348263,-15.672942
emea.www.ungasanbali.web-8.hiltonbusinessonline.com,1,18.57154,-7.938429
plutotv.net,1,10.070809,-8.570848
content-cdn.tipsenweetjes.nl,1,28.84624,-26.23949
madisonsquaregarden.demdex.net,1,11.040545,-10.089594
rabbitmq-oa-logging.yo-digital.com,1,18.603636,12.346807
st-matthias-neuwied.de,1,17.707623,-8.446753
dmartindia.com,1,10.818699,-10.07907
u28114371.ct.sendgrid.net,1,14.753852,-10.619852
kronos.uberinternal.com,1,15.721597,-10.886795
uploads-eu-west-1.insided.com,1,27.302504,-1.2993722
pld-com.mx.av-mx.com,1,18.615318,-8.236716
samlprod.unifocus.com,1,-2.0235536,-11.90302
us-central1-customily-bigcommerce.cloudfunctions.net,1,28.035921,-0.046992414
eu.aserver-ae.aliexpress.com,1,14.353431,-12.736941
eo.va.gov,1,-5.9891324,-5.6119413
test-location.force.com,1,10.431656,-8.381947
waws-prod-ch1-033.northcentralus.cloudapp.azure.com,1,-1.295276,-13.101295
rr3---sn-u2oxu-3ufz.googlevideo.com,1,25.660633,-0.8128879
sdk-alpha.apester.com,1,6.9266024,1.1728379
static-cstore.cdn.ubi.com,1,26.819181,-20.341686
devops-sentinel-dashboard.bigo.sg,1,30.247751,-27.834526
mynbme.org,1,17.20396,-10.801095
13175809.fls.doubleclick.net,1,-1.733728,-8.878256
r16---sn-3c27sn7z.googlevideo.com,1,18.507404,-9.237718
email-mg.flocknote.com,1,-1.0628518,-13.241768
codecs.fedoraproject.org,1,6.7249928,-17.315842
verifyt.com,1,28.9063,-28.499584
www.gls-us.com,1,-1.5405655,-14.907991
3787c49a.wurl.com,1,25.208647,-7.4522147
b-f59-zpg-r.zdn.vn,1,-2.5729487,-3.5349898
content.aol.com,1,-11.389045,-2.645987
turksatnet.com,1,27.729454,1.7261446
www.skoolerstutoring.com,1,27.240988,-10.762441
od.apps.mil,1,29.643988,-4.104863
gensler.com,1,26.785395,-6.1958046
scontent.fman2-1.fna.fbcdn.net,1,27.601543,-9.914078
gcaptcha4.geevisit.com,1,22.393808,-8.801535
sso.quicklaunch.io,1,31.665426,-27.571493
cdn.inst-fs-iad-prod.inscloudgate.net,1,27.364788,-10.717906
thermomix.com,1,-4.3020625,-12.388624
cds.b5g9b8e4.hwcdn.net,1,5.2051396,3.4545612
mndnr.evidence.com,1,3.1624155,-2.8157985
p3-group.com,1,-2.179594,-14.163265
freeprintable.net,1,-2.598491,-15.959011
pull-flv-spe-l26.douyincdn.com,1,6.504776,-17.328644
ts3.mm.bing.net,1,-5.144662,-11.248599
formacionmx.com,1,31.073364,-28.2664
lblw.ca,1,14.40493,-6.2103386
citadelrs.sharepoint.com,1,-6.1490865,-15.2369175
1111systems.com,1,-14.777019,27.979155
ibq43.top,1,-2.8937194,14.611813
video-api.wsj.com,1,23.493738,1.0977852
u4t022-launches.appsflyersdk.com,1,15.333993,-12.174135
arrowhhs.com,1,22.376379,1.5452025
info.startappservice.com,1,0.99928,-11.862259
relay-fc5bd1dd.net.anydesk.com,1,-7.025517,-8.960449
ssdp1zu1vmlm-gsnetnat.sigenv1.qq.p1.ash.opendns.com,1,3.952569,-3.892005
rr1---sn-i3co-i3bes.googlevideo.com,1,4.4830403,-12.835641
media.nmfn.com,1,11.410429,-0.5879051
q-t-msedge.net,1,22.385334,-10.360477
lacounty-pubdef.lightning.force.com,1,29.69107,-2.6519005
webmail.strato.com,1,-2.7605214,-13.8284
a260avoddashs3ww-a.akamaihd.net,1,27.238096,-0.8627473
fox.crazyfox.vip,1,-1.3468348,-15.918124
justeattakeaway.com,1,20.365353,10.704181
ntp.speculation.org,1,21.741676,-0.5887705
ebuildabear.com,1,23.049671,-13.318314
denv9.co.comcast.net,1,23.430548,-2.615308
apac-sg-adops.aralego.com,1,31.774681,-27.0741
remote.emporos.net,1,28.181604,-20.921955
fbog4-1.fna.fbcdn.net,1,-21.451097,-1.7187029
obico.io,1,26.653212,-20.739838
sy-ges-usmsgw-static.liveperson.net,1,-22.842466,-2.9664836
phx02pcor001-meta.be.1drv.com.l-0003.dc-msedge.net.l-0003.l-msedge.net,1,17.81452,-9.618502
visitflorida.com.simpleviewcms.io,1,19.582438,-0.971873
a1586.casalemedia.com,1,20.252316,-6.1245327
twinesocial.com,1,-14.273157,21.843021
the-fit-father-project.myshopify.com,1,3.8720202,0.49075845
my.passly.com,1,29.574493,-26.930756
mnc039.mcc364.pub.3gppnetwork.org,1,-13.745275,12.938353
www.imagealgorithmlab.com,1,-23.429592,16.4935
inbound20.luxsci.com,1,16.404123,-9.615054
prod-100.westus.logic.azure.com,1,-21.030191,8.051891
registerednursing.org,1,18.42761,7.992208
o4504441110986752.ingest.sentry.io,1,15.744964,-4.9533205
masterymanager.com,1,23.11593,10.444214
test.meetlocals.com,1,17.221226,-10.586785
redcort.com,1,2.9665885,-2.9318516
samples.sherwin-williams.com,1,4.486516,-13.364794
eau1-api-skype.cloudapp.net,1,24.714203,-25.616596
z1-a-offsite.liveperson.net,1,-8.573761,-9.693253
services.journals.lww.com,1,24.16801,-26.195822
rights-dre.himovie.dbankcloud.cn,1,-1.7714195,15.03273
snblymm.com,1,17.238602,-7.3477187
masharedservices.zendesk.com,1,21.228935,-10.090069
media.prusaprinters.org,1,9.341529,-12.522967
imh.rsys118.origin.responsys.ocs.oraclecloud.com,1,0.45293167,-7.94049
r5---sn-hp57kn6y.c.2mdn.net,1,17.930473,-3.0438461
huskymobile.com,1,11.473928,2.0147276
provider.myameriben.com,1,9.094661,10.151683
tugaflix.best,1,15.135025,-4.426588
iminds.atlassian.net,1,6.677172,-15.961998
prod.empires.sgg.fi,1,26.44451,-11.510993
assets.onfirstup.eu,1,8.691841,-18.229166
trustev-app.trafficmanager.net,1,-19.385586,0.88580865
hertz.qa,1,12.998493,-14.513126
bts-c07.vpn.ipvanish.com,1,11.90424,1.8797609
dduwvsaob.com,1,27.966362,-21.212112
ht-tunnel-ff-eu-23.cloud.zoom.us,1,-1.8308909,-10.665676
cdns-files.dzcdn.net,1,27.574905,-18.5
achecker-theice.goskope.com,1,22.924147,-6.609186
vuebill.com,1,-3.839118,-15.114163
redalerts.foodbuy.com,1,10.180359,2.4729695
secondstep-uswe.streaming.media.azure.net,1,-6.5121894,-11.766804
lovebitco.in,1,-18.676682,-11.778182
www21.pointclickcare.com,1,24.747622,-12.461908
sc50trk.com,1,18.805069,-4.53061
tokyo.voice-js-gll.twilio.com,1,19.961885,-9.6977825
nelernelervar.org,1,6.848953,-15.981156
pendo-static-5633350212648960.storage.googleapis.com,1,24.203817,-0.9549769
applewallet.captainwallet.com,1,32.3282,-27.484646
skylight-us-east-1.pushy.me,1,31.820223,2.0727885
magene.com,1,3.920214,-14.313943
logw327.ati-host.net,1,25.866398,-9.378308
np-gateway.verizonwireless.com,1,26.9844,1.0227648
chromeosquirksserver-pa.googleapis.com,1,27.624651,3.112533
speedtest.super.net.sg,1,10.97554,-6.158136
config.pushwize.com,1,15.101167,19.936186
dnl-15.geo.kaspersky.com,1,14.565926,-5.542361
s5.izanagi0.xyz,1,20.813423,0.0903375
fglife.com,1,19.474808,-2.6476433
im-cdn.it,1,21.33321,-8.618073
axis.pool.ntp.org,1,27.814846,0.66708136
eapm.douyucdn.cn,1,17.65787,-3.1137874
p41-escrowproxy.icloud.com,1,7.2877216,-18.248941
sky.srv.ygles.com,1,5.0381904,0.8308072
ne1.yimg.com,1,11.60305,-13.8086405
mx16.protectedservice.net,1,27.87385,-26.127924
plusone.com,1,-8.586784,-0.6934163
behacdn.ksmobile.net.www.tendawifi.com,1,-16.001255,-10.302121
ruralradio.com,1,14.831147,-12.498497
pvz-heroes-prod.elasticbeanstalk.com,1,1.1595787,-11.923015
supplytech-my.sharepoint.com,1,27.280336,-21.083418
machine-reservations.bulgarihotels.com,1,22.39775,-6.884463
external-media74.public.wamsm-a-6.prod.infra.webex.com,1,10.72466,0.7965179
services.disconnect.me,1,31.304733,-26.978088
blochworld.com,1,7.6412745,-16.70673
na208-ia4.force.com,1,-15.954583,-6.6376705
petrichorx.bet,1,-35.641598,-45.02125
joyland.ai,1,7.6667876,0.81443095
dev.costacoffee.com,1,24.0137,-26.33333
ogs.google.nl,1,14.346438,-13.370471
43cd6267.us-west-2.token.awswaf.com,1,4.8480954,-2.0381367
prod.external.eu-tm-prod.vorwerk-digital.com,1,26.112455,0.8515545
000c89-1.l.windowsupdate.com,1,21.238148,-4.793967
blue.8newsnow.com,1,10.494766,-0.11782996
99designs-blog.imgix.net,1,28.819153,-5.198679
otc.pokemon.com,1,-2.0955539,-13.584698
api.jcpclick.com,1,28.055946,-4.531096
api-courier-management-prodaus.skipthedishes.com,1,10.758041,-6.221779
rr2---sn-h5bt5guxax3vh-c0qk.googlevideo.com,1,25.412247,-2.926662
api.netalerts.io,1,16.902758,-0.79527104
images.kiwico.com,1,26.62713,-7.655615
betterplace.org,1,32.138172,-27.83061
038ec37c-2331-4433-82c2-5107a67cd702.rddiagnostics-g-eu-r1.wvd.microsoft.com,1,14.076055,-16.75924
vwcredit.atlassian.net,1,12.266009,9.4771
a3nvo2i7z7t.iot-as-mqtt.us-west-1.aliyuncs.com,1,-19.36462,8.711217
trending-prd.internet.apps.samsung.com,1,28.722115,4.7555785
api.mobilecore.naver.com,1,27.400461,3.0168846
cdns.canddi.com,1,25.195208,-11.370632
nk.gjfjmgfx.xyz,1,5.8305097,-17.007362
view.ceros.com,1,28.999569,-0.42851043
dvsd-stream-eu-west-1.mes.glomex.cloud,1,-3.7534344,-7.8272963
xyaz.cn,1,23.983036,-12.947558
jabber-integration-a.wbx2.com,1,24.85505,-5.059863
fkjdeljfeew32233.com,1,23.625597,-7.5466866
threatpost.com,1,1.1166611,-13.429178
btcorp-services.pm.beyondtrustcloud.com,1,-13.224304,13.515988
hebergement-sd.casinodrive.fr,1,28.493507,0.1655809
mobile.smartscreen.microsoft.com,1,26.115074,1.0676713
keiser.eesysoft.com,1,26.634306,-2.3518655
us-ny-03-06.cloudbackup.management,1,-6.8663974,-3.244934
easylist-downloads.adblockplus.org,1,21.508469,-6.661841
reson8.com,1,25.335133,5.4403553
www.comcast.net.edgekey.net,1,27.16993,-21.491215
numerator.com,1,14.749394,22.399115
a-f12-zpc.zdn.vn,1,-2.9539201,13.258254
static.mouv.desjardins.com,1,26.66562,-19.965815
www.cognism.com,1,-2.294486,-10.725605
scontent.ftas2-1.fna.fbcdn.net,1,4.8728633,-4.0507436
98.cdn.telefonica.com,1,30.459972,-27.810707
ifx-keyid-7cb4b78e688614be4421c5858f15b96d5eab51ee.microsoftaik.azure.net,1,-0.5896762,-14.606744
payments.breadcrumb.com,1,3.8662565,-2.0974271
cua62jyhzacez4djz0u499mai.b6-3-us-w01.u5fgb.com,1,22.74757,12.627836
academy.abeka.com,1,23.840519,-26.440989
api.zdf.de,1,28.30667,-26.793653
mvwc.com,1,25.995096,-4.143432
eur-lex.op-tech.publications.europa.eu,1,12.852789,-12.598757
intelityprod-api.esper.cloud,1,21.002224,-6.816323
numuki.com,1,22.999197,-8.975718
acs1.flyingvoice.net,1,25.400665,-11.142947
eipwd.ws,1,11.244451,0.96250194
edge.guts2.fs.edgesuite.net,1,21.615114,-4.376441
siplb-1.lgu-prd.connectrcs.com,1,8.250828,-15.978082
qvc.uikc.net,1,13.553308,-15.005491
sms.mobauto.net,1,7.9197474,-10.80056
mobadvent.com.itotolink.net,1,23.154186,-5.312577
go.sophos.com,1,19.032269,-6.282497
www.huffingtonpost.it,1,-3.1329858,-13.704963
insellerate.com,1,25.839151,-22.319412
mx2.feishu.cn,1,31.334934,-1.8046234
purelyhr.com,1,-2.7684343,-8.335851
mbest.aliexpress.com,1,21.03593,-2.5717075
collectors.com,1,-7.4453917,0.6304547
api.banno.com,1,-0.10953483,-15.755169
edge-101.usdal2.icloud-content.com,1,26.549047,-8.064782
p217-acsegateway.icloud.com.cn,1,17.509203,13.547884
media05.ligtv.com.tr,1,-18.562466,-11.703507
aha.infosarioregistry.com,1,21.8505,-8.141259
chips.crothall.com,1,21.43943,-4.879141
pdffiller-cdn.signnow.com,1,25.001421,6.033376
mychart.stormontvail.org,1,26.050737,-22.397854
www.htc.com.edgekey.net.globalredir.akadns.net,1,4.140765,-2.0979898
titlestoragescus0103.blob.core.windows.net,1,27.669218,-19.425497
cdxr53.com,1,27.92521,-26.90469
eu.spmailtechnol.com,1,2.9314477,-3.1386771
cookies.avrotros.nl,1,19.504618,-3.3194382
tsclass-glo.lifeforcreative.com,1,-0.84878916,-14.684753
audio-markt.de,1,18.012653,-4.0423465
paymentcard-gameofficials-test.tmgcard.com,1,16.807886,15.828467
mtb.com,1,22.78819,-2.7698612
mpush6.whatspos.com,1,23.88073,-5.1395116
pqweb.parcelquest.com,1,13.851391,-11.633644
magzine.transacme.com,1,29.790504,-0.14834897
images.jazelc.com,1,22.025402,-7.7034855
srms.richmediastudio.com,1,28.70881,-25.824886
yorum.altin.in,1,-19.376436,18.411955
cloud.smartwishlist.webmarked.net,1,19.196468,-1.3321062
selco.org,1,26.956947,-7.3626933
h10141.www1.hp.com,1,21.959366,-9.986985
scitechdaily.com,1,-8.1570015,-8.1092415
scamshield.gov.sg,1,16.888737,9.211126
cumulus.9clouds.com,1,-22.241453,4.37364
8343.global.siteimproveanalytics.io,1,17.801756,-7.96339
recg.detik.com,1,6.1841097,13.740575
mail-qk1-f198.google.com,1,27.533829,-10.270092
cdn2.dataminr.com,1,20.623419,-6.9350266
m.gjcdn.net,1,27.05376,-19.99488
bluepostbox.de,1,28.916477,-4.1307154
media.fuio6-2.fna.whatsapp.net,1,24.403055,0.63760036
igloosdrepo.blob.core.windows.net,1,1.6748644,10.295191
prodlb.gotvnetworks.com,1,15.072122,-14.319791
socialacademybe4160isee0eu.blueground.be,1,5.5073795,12.675927
api.nine.com.au,1,27.753798,-1.4610263
northampton.ac.uk,1,14.4400425,-7.0087285
premiumparking.com,1,29.171093,-6.6966596
f973597486268fafad67e544d43547d2.netlify.app,1,-3.1525767,-10.854665
givegab.com,1,18.933834,8.475273
stjecc.file.force.com,1,9.954581,13.746016
theflixer.tv,1,29.93709,-4.686781
kaeser.com,1,26.571787,1.8609186
lp-push-server-50.lastpass.com,1,18.795835,-10.174989
automation.1.vod.cdn.telefonica.com,1,-12.962523,36.14292
lxcode.bs2cdn.yy.com,1,0.8128212,-8.782628
web.magicline.com,1,25.1003,-3.533331
mediaserver.navient.com,1,10.575786,-10.594258
dustloop.com,1,27.629713,-3.4508364
files.soundon.fm,1,-10.162138,-12.194058
r3---sn-hju7en7k.googlevideo.com,1,7.543389,-16.813755
r8---sn-3c27sn7d.googlevideo.com,1,29.365685,-7.6159997
abx.ipd.hihonor.com,1,6.6256037,-15.338481
emsi-psteam.com,1,12.317552,-6.9813204
a.dns.pt,1,28.595171,-3.4468565
melredirnxt.top,1,-2.8911774,-15.2497
dkstatics-public-2.digikala.com,1,-1.3777455,-11.922445
na170.epm.cyberark.com,1,24.364208,-5.6230865
pull-hls-f1.douyincdn.com,1,21.638992,-4.333737
i.mlcdn.com.br,1,4.283531,-11.293486
plastiq.com,1,13.413315,-4.051459
hoteltonight-test.com,1,21.479717,-13.776349
ufpi-com.mail.protection.outlook.com,1,23.711926,-4.77375
report.oceanbites123.com,1,2.9667072,5.0439997
getalma.com,1,25.264877,1.555557
zndhztugwqhlulqht-aexpfeedback.siteintercept.qualtrics.com,1,25.797827,-7.1335697
us2-v3-storage0042-2c-sabre.usor.cloud.code42.com,1,15.564286,-11.97575
www.geplus.co.uk,1,24.6231,-22.887463
dvgtm.akadns.net,1,30.59091,-2.8662448
ftp419.easylearn.ch,1,4.7754016,-2.1477544
rr4---sn-vgqsknzy.gvt1.com,1,29.121761,-6.6256824
hu.archive.ubuntu.com,1,19.241276,-5.4284334
eventos.tec.mx,1,14.562059,-6.560352
mkt.solutiontree.com,1,9.537169,0.4654351
apps.crf.org,1,18.428986,-10.490871
client-upgrade-a.wbx2.com,1,27.529524,-6.4693418
ops-tool.baymax.comics.a2z.com,1,25.360558,5.3269463
cart-go.apphq.co,1,17.911903,14.004237
email.sce.com,1,7.053877,2.1206403
collector-pxwfqvdnli.px-cloud.net,1,15.097032,-13.622878
preview.launchdarkly.com,1,25.649288,-1.5800521
ioa.garena.com,1,21.595268,13.155344
www.popilush.com,1,7.0909367,-0.019567864
ise.quest.com,1,3.7355118,-2.0549314
scentsy.demdex.net,1,24.286459,-6.871669
anamai.moph.go.th,1,-7.0525446,-8.292749
rowlandreading.org,1,19.100021,-6.2400775
external.fcgk22-2.fna.fbcdn.net,1,11.0413065,-4.8647823
rr9---sn-3c27snee.googlevideo.com,1,8.3834915,-16.090252
staffs.ac.uk,1,22.94231,-10.592073
zvx2.zangi.com,1,30.421515,-26.475096
elevaate.technology,1,18.31813,-4.9366426
us-push.kambicdn.com,1,-14.88557,-4.144538
notify.bugsnag.com,1,26.75411,-4.0225377
aipilot.bcg-up.academy,1,23.811062,-25.782402
rr2---sn-p5qs7nzk.gvt1.com,1,9.232949,0.60820806
valley-metro.webex.com,1,-12.688291,-1.729909
r3---sn-2napbiu-p5ie.gvt1.com,1,31.009691,-27.186583
www.bose.co.uk,1,26.190836,-20.315739
iewc.com,1,26.757055,-22.848316
mommiesdaily.com,1,-8.1346245,-10.002966
api1-np.playstation.com,1,20.5719,-8.692271
s6.lk21static.xyz,1,6.8087068,-18.279787
v.lemon8-app.com,1,-5.505276,-8.71188
keystonehumanservices.org,1,20.65502,-4.7763553
myaccounts.capitalone.com,1,27.202173,-19.878147
app.tryotter.com,1,25.211138,-21.983189
x-gpsmail.com,1,-4.692206,-7.148873
rr2.sn-hp57yn7r.googlevideo.com,1,10.54803,1.6971273
mmi-static.s3.us-east-2.amazonaws.com,1,-7.189372,2.0273244
fnuu2-1.fna.fbcdn.net,1,-19.985401,34.113068
kb-render.alicdn.com,1,29.48543,4.6922417
mobileoffers-5-p-download.com,1,-2.0968282,-12.664698
centralca.nsitmsp.com,1,-9.264141,-5.553086
v6.dpvs.yximgs.com,1,30.520102,-29.178219
images.ocbj.com,1,-26.49979,7.8324275
media.fcgk34-1.fna.whatsapp.net,1,10.181415,1.7806376
alert-eu-central-1.api.getmessagecontrol.com,1,7.4753284,-15.203351
uco.libanswers.com,1,14.064579,6.8008065
apimgmttm0mpedjklkfvayucodjo8mfyqkompy7twcic9wmrow.trafficmanager.net,1,32.185852,-26.766191
drawing-pa.googleapis.com,1,18.090866,-9.53875
cdn.djloboapp.com,1,21.006191,4.963277
sundialtime.com,1,15.5376625,9.344304
rr2---sn-i3belne6.gvt1.com,1,12.698234,-6.9640975
rahmen-shop.de,1,8.056375,-16.108517
zoomsp28zc.sp.zoom.us,1,2.4693356,0.027295498
tr.recyclecoach.com,1,25.546515,-19.442406
smetrics.cahealthwellness.com,1,30.274668,-5.0881515
cp-toyota.toyota-europe.com,1,19.578808,0.5295826
sp-pr-fa.audio.tidal.com,1,25.064009,-25.446089
lib.onfirstup.eu,1,3.5064738,0.93369806
vault.quark.cn,1,13.148929,-9.396207
manage.eloview.com,1,7.2853174,-18.141975
www.hist.org.il,1,-0.79704744,-8.678132
cbs-measurements.us-east.dns.qwilted-cds.cqloud.com,1,17.580553,-7.413117
external-media6.public.wsinm-a-3.prod.infra.webex.com,1,-3.2555726,-16.223751
push.kumulos.com,1,23.633663,2.2880523
a123.d.akamai.net,1,9.426787,1.4969746
aero.volvo.net,1,-18.196262,-8.23218
bnu.edu.cn,1,26.68012,-20.950117
pool-1-4.dynamic.totinternet.net,1,30.497303,-26.12263
471s.la1-c1-ia6.salesforceliveagent.com,1,21.441525,-7.676802
zego.wakavideos.com,1,3.9094145,0.52013624
8339572.fls.doubleclick.net,1,14.422906,-7.0871644
rr3---sn-8qj-i5ole.googlevideo.com,1,9.177202,-17.333046
mca.gov.in,1,16.577768,-10.791613
blue.tve.spectrum.net,1,6.337998,-13.926936
interactive.web.insurance.ca.gov,1,7.083136,-17.96256
a1511.dscapi9.akamai.net,1,13.689779,18.478102
cdn.v2ex.com,1,-8.621651,-10.460279
server.from-il.com,1,28.645926,-27.312029
majorclarity-s3.s3.amazonaws.com,1,7.074902,-19.165016
speedtest.603.sbaedge.net,1,7.7043815,-15.710369
pnm.ohmits.com,1,31.248741,-26.479307
portal.freedomforever.com,1,5.1403074,1.3132247
emuncloud.com,1,-2.4989095,-15.7175455
kyyrhpxduc.gimkitconnect.com,1,31.607891,-26.55332
www.filmxy.vip,1,14.574067,-13.96329
recsys.odysee.tv,1,20.800667,5.2750363
fts368.com,1,-5.5875545,-3.7739468
www.leroymerlin.it,1,25.038773,-5.56403
inputs2.sutherland.splunkcloud.com,1,10.7803,1.0983373
video-edge-691734.jfk04.abs.hls.ttvnw.net,1,-1.857714,-13.590392
inputs1.jensenhughes.splunkcloud.com,1,13.760324,14.31123
hkanniversary.a.com.com,1,0.39798594,-15.585106
ebiz.licindia.in,1,5.9601693,0.71482044
doc-04-ao-apps-viewer.googleusercontent.com,1,-31.457531,-47.169704
sales.liveperson.net,1,-6.5765314,-8.72052
bmfsfj.de,1,8.905907,-0.40637955
www.kfyrtv.com,1,30.315928,-27.276064
northcentralus.management.azure.com,1,26.687155,-11.209924
p31-ckdevice.icloud.com,1,1.0503851,-13.682391
dns-core.net,1,30.147003,-1.1525822
fleetdm-eceea8b6.starlingbank.dev,1,11.172155,1.0685198
ekatox-ru.com,1,23.886671,1.7475319
this.link,1,27.700657,-4.050896
cedar.okta.com,1,25.692778,-22.383678
api-45a2d34e.duosecurity.com,1,16.750977,14.399996
sweet-green.api.kustomerapp.com,1,13.917751,-12.072979
blue.wwlp.com,1,8.155615,-17.23413
ds.frontend.weborama.fr,1,27.096779,-3.3179784
biztimes.com,1,0.9442003,-13.768402
tlsonlwrappersvcs.americanexpress.com,1,-13.352588,-0.5112455
jvod.300hu.com.volcgslb.com,1,23.202007,-2.643156
atastefortravel.ca,1,-21.695185,-1.6173688
images.thalia.de,1,-0.46871272,-12.793776
jpvpn2.johnsoncontrols.com,1,24.68607,2.5551198
nettest2.nask.pl,1,9.267453,1.846006
api.permutive.com,1,22.103775,-0.023491552
x436.com,1,8.8541355,-17.235062
e16680.a.akamaiedge.net,1,28.4329,-9.476663
rr2---sn-avbpohxpo-at2e.googlevideo.com,1,21.074446,2.2277894
scs420.iranlms.ir,1,18.870075,-6.7160554
api.smzdm.com,1,30.267609,-25.486256
fshl2-1.fna.fbcdn.net,1,20.625193,-9.173522
bostonglobe.com.ssl.sc.omtrdc.net,1,20.858116,-3.8531055
km0trk.com,1,23.999426,-2.2119524
samacc.10ft.itv.com,1,10.214995,-0.95913607
live.horizon.tv,1,5.7177873,-13.465119
test123.liveperson.net,1,23.782562,-25.730474
rr5---sn-aigzrnze.gvt1.com,1,21.683285,-2.0977457
childrens.webex.com,1,29.828873,-5.3484883
click.stepstone.de,1,-9.919599,-2.707038
emaildelivery.citi.com,1,19.045843,-7.314218
gosshosted.com,1,18.14413,-0.066011235
txhealth.org,1,-29.595997,-44.030148
yximgs.com.c.cdnhwc3.com,1,-2.9318042,-16.023066
midt-oa-001.aeth.aetna.com,1,-9.99405,-8.851427
image.assets.astro.com.my,1,9.635197,-7.419077
taplytics.steroyalbank.com,1,26.42159,-3.9220986
a.cf.vlognow.me,1,23.163809,8.8496275
ns-1432.awsdns-51.org,1,23.140465,-9.611436
sideco.gsp.ro,1,20.746199,-6.2712383
qps172.sharepoint.com,1,-2.7576563,-10.6829605
cyberark.demdex.net,1,20.233463,-7.495449
spmail.sk.com,1,8.147312,-16.01547
m.abf.com,1,-14.221226,-5.7213764
kasmit.de,1,-2.9001553,-15.499347
d2-magic.static.yximgs.com,1,6.792262,10.8208685
candidate-hub-identity.backgroundcheck.com,1,15.331263,-13.609573
i3.govx.net,1,26.963173,-18.905424
appboot.netflix.com,1,-8.697835,-5.6735616
ns-328.awsdns-41.com,1,-12.633421,-14.038048
static8.tgstat.ru,1,11.477728,-5.8979893
stenaline.co.uk,1,30.351002,-27.044708
193259-ipv4v6w.farm.dprodmgd105.sharepointonline.com.akadns.net,1,1.9979128,-1.219217
einvoice.vn,1,22.715582,9.401864
gggetsurveey.com,1,24.688133,-9.895962
netspend.com.data.adobedc.net,1,10.5992985,-0.13526
www.frsdk12.org,1,30.84794,-2.465802
sn-apn7en7s.googlevideo.com,1,17.197535,4.993263
jsox.com.com,1,17.777931,20.535002
multi-az-ad.kuaishou.com,1,21.983248,-3.6992974
account.worldstrides.com,1,29.235445,-1.8391806
analytics.travelbank.com,1,28.195374,2.9894035
gdmgsecure.com,1,-8.190671,-7.6838574
uk-eu-central-1.prod.justpremium.com,1,24.538239,-19.976461
ncnodpucn2j.mpulsefusion.com,1,23.62632,-26.048847
ciscomngsvsprod.service-now.com,1,26.96863,-22.905308
ipv4-c124-ord003-ix.1.oca.nflxvideo.net,1,-26.580248,8.094846
stag11-kubecontrol000.machine.asana.biz,1,20.645573,-9.155166
teamcnb.atlassian.net,1,13.321514,-8.118475
api-shb1.pinduoduo.com,1,-0.52351743,-8.669265
hireappointmentsetters.com,1,-13.213102,-4.361767
csbsju.edu,1,4.7583113,-15.192667
5g.nycwalmart.com,1,18.731237,11.615236
sensors.incognito-arch.my.cbcloud.de,1,3.8207085,0.50460213
elb.tqtelethon.dev.unikrn.com,1,13.789671,10.741145
v-akamai-mgva.byteisource.com,1,29.981352,-0.4115118
cdn3.workadvantage.in,1,28.965742,-5.991495
msgacs-m.lazada.vn,1,-13.101465,-11.9505625
nightcafe.studio,1,15.42145,-14.158119
adventisthealth.resourcescheduler.net,1,-8.649562,-3.0869243
image.email-aaa.com,1,-2.6202304,-16.103594
coach.mycareersfuture.gov.sg,1,1.9977969,1.9750674
api.getqardio.com,1,27.881296,-5.5550222
guides.alpha-sense.com,1,31.57871,-26.853601
dsce9.akamaiedge.net,1,5.5289392,-2.526089
canvas.vu.nl,1,5.4104195,-17.142887
zn9yjuyometvapfde-indeed.siteintercept.qualtrics.com,1,-1.0154054,-12.740591
ai.ingka.ikea.net,1,-2.1043732,-14.934325
e65222.b.akamaiedge.net,1,26.914078,-11.834615
timeinlist.com,1,13.42296,-15.436502
www.doeda.com,1,12.421091,14.398768
syimg.3dmgame.com,1,8.561678,0.6893489
assets.linode.com,1,6.1009903,-13.181909
apps.decisionbriefs.com,1,22.847528,-5.466787
sf.bayengage.com,1,-1.8082141,-10.773994
ws.shimo.im,1,10.011423,-0.62878263
nwservicecenter.com,1,25.264994,-25.321123
ussav.cynet.com,1,29.744432,-26.060663
bjtelecom.net,1,8.520363,0.025781758
zneeqigxypjsyapnv-ebg.siteintercept.qualtrics.com,1,26.1294,-3.933722
peardeck-fbs-1-shard-6.firebaseio.com,1,25.374498,-1.926518
accounts.sap.com,1,6.548786,10.5027075
im.hxty-agent.com,1,-12.550154,-6.7243023
lwtears.com,1,30.31808,-26.705717
ns-947.awsdns-54.net,1,-7.569655,-7.844768
econnectivity.com,1,13.83305,-3.7668307
www.tumomento.com,1,3.4929013,-2.7175348
wasllhet.emltrk.com,1,-2.836104,-13.572673
www.creighton.edu,1,13.339637,-15.546745
assets.wasserstrom.com,1,19.19581,-9.386285
a7b7d02f3736e735c.awsglobalaccelerator.com,1,24.180325,-1.1648551
onpay.zendesk.com,1,-7.77334,2.9599688
customermanager-public.api.navexone.com,1,29.09634,-27.615068
cdn-0.nflximg.com,1,-3.9668012,-15.153166
listing-search.api.autoscout24.com,1,22.560287,-1.7109205
thatchcc.hostedrmm.com,1,19.252277,-7.0614734
www.oswaltacademy.org,1,22.54973,5.4716635
verifykit.com,1,-7.3518214,-10.753644
1.epulse.staging.sentryx.io,1,28.816063,-8.110265
mcfit.com,1,23.286589,-7.9524856
edge6-sbc3va.prod.vonedge.com,1,-2.2881756,-16.225906
www.elfutbolero.com.mx,1,23.91958,-0.19503148
ape-hutch.isappcloud.com,1,-29.648588,-1.1043812
bongamodels.com,1,25.130999,5.8653984
sextop1.bio,1,-18.309822,-9.066448
r3---sn-npoeenlk.googlevideo.com,1,18.579786,8.137645
stargas.file.force.com,1,19.05356,-1.653135
alibabacorp.sm.cn,1,6.146933,-12.2665825
avs.eu.gateway.devices.a2z.com,1,6.047713,-12.628841
cdn-static.dagospia.com,1,27.900408,6.237167
api-amazondevices.amazon.com,1,21.625341,8.498446
vd430.mycdn.me,1,-16.438004,-5.992306
uccms.trafficmanager.net,1,3.7777302,-3.5225568
avpk-a1zs5p0iqdmp1x-1.api.amazonvideo.com,1,15.061733,-13.648594
pcna-my.sharepoint.com,1,8.132423,-0.93287957
ok6-31.vkuser.net,1,-7.9940457,-8.6914215
addon-sarepta.goskope.com,1,25.170628,-12.473047
pod-000-1073-09.backblaze.com,1,13.401352,-5.641723
support.atlasdev.com,1,12.783116,-6.089852
kms.loli.beer,1,13.268569,-15.991429
canalplus.pro,1,13.548142,-15.955148
evomystufftv1-0-fulcrum.mediasearch.verizon.com,1,-3.7677932,-13.640803
dr.it.a.com.com,1,0.25269577,10.100248
outside-auth-header.vercel.app,1,-13.970036,1.5347574
autodiscover.sfmc.com,1,15.895871,-5.88254
punknews.org,1,-4.828893,-10.808064
universalstore.streaming.mediaservices.windows.net,1,24.803688,-2.2762191
api-prod.alby.net,1,8.799724,-17.90652
smtp1.csof.net,1,3.7601964,1.8334248
map3.viamichelin.com,1,10.588514,20.675428
ct-ext.skandia.se,1,21.07175,1.8474566
bi.incontact.com,1,-5.1538525,-9.595417
mobends.com,1,26.227089,-6.1970825
cbreinc.us-4.evergage.com,1,-13.536219,-5.376758
bkm.com.tr,1,26.89348,-7.634958
apm-rum.uwf.edu,1,5.761871,-14.825801
onlineclaims.usps.com,1,5.699987,-1.5247924
external-media8.public.wjfkm-a-11.prod.infra.webex.com,1,14.302541,-6.953405
cdnmgf.megafon.ru,1,-5.3206286,14.459032
8447b0d8.live.darktracesensor.com,1,17.137094,-11.693411
www.yellowbook.com,1,24.769579,3.7689524
904552.trace.bgpfst.com,1,28.977997,-1.7884315
www.timeforchangefoundation.org,1,22.940058,2.2488005
eu.vieraconnect.eu,1,11.941663,-14.945982
hexbear.net,1,28.39228,-0.95890534
beta-ffcng-d41d8cd98f00b204e9800-18ad954ee81031be.elb.us-west-1.amazonaws.com,1,11.289979,2.0172367
okt.to,1,26.793306,-19.13879
fp.listrakbi.com,1,5.929443,-17.266651
inputs2.familysearch.splunkcloud.com,1,15.240072,-14.046558
1911addicts.com,1,5.526465,-18.299734
adq.keysuite.com,1,13.24798,14.896427
dieselworldmag.com,1,24.780787,9.382204
click.lowes.com,1,28.812683,-4.105007
acrcloud.com,1,24.659143,-12.762142
ns-cloud-a2.googledomains.com,1,19.640335,-12.560969
cs659-spare-2037.meraki.com,1,11.534196,-0.117153436
img2-azrcdn.newser.com,1,10.013064,-4.521507
states.us-east-1.amazonaws.com,1,-20.006748,-9.656246
chidoz.bol.io,1,27.885748,-21.264
www.adcell.de,1,15.82436,9.095113
vp-0533-d03-pic.obs.la-north-2.myhuaweicloud.com,1,27.669983,-5.122813
mgmt.sepmobile.securitycloud.symantec.com,1,9.215925,-17.414665
rr4---sn-5ua5ouuxaxj-hn9e.googlevideo.com,1,30.662098,-27.39667
linktrace.net,1,-14.702068,2.8126516
cmd.untangle.com,1,26.10858,-21.460985
cs259.meraki.com,1,-22.592205,-8.354664
rr2.sn-4g5lznes.googlevideo.com,1,28.436958,-18.40719
swiftroute.net,1,24.796652,-23.132385
stories.mindvalley.com,1,15.687721,-14.422315
cdn.sportfeeds.io,1,12.619584,-11.60009
www.xvdeos1.com,1,30.65248,-2.9205081
rr2---sn-j5caxvox-2gjl.gvt1.com,1,4.4178042,-3.7237487
0calc.com,1,4.3448563,0.41825858
ethstats.compliance.codefi.network,1,9.289384,-12.514981